,dtype,missing_fraction,n_unique,mean,std,min,max
GEOID,object,0.0,3222,,,,
poverty_rate,int64,0.0,2834,12951.794537554315,42848.866913304824,3.0,1322476.0
med_income,float64,0.0006207324643078833,3100,65046.64906832298,18388.6833498889,16170.0,178707.0
All teeth lost among adults aged >=65 years,float64,0.02451893234016139,2296,16.363012139484088,5.183409624973241,4.46666666666667,46.6
Any disability among adults,float64,0.08255741775294848,2194,35.022723855344836,5.38032797359041,20.1159420289855,52.3
Arthritis among adults,float64,0.08255741775294848,2090,30.251066138226026,4.48938366765476,11.56,45.3
Binge drinking among adults,float64,0.08255741775294848,1885,15.536149979389313,2.3078013589400985,8.8525974025974,25.9232954545455
Cancer (non-skin) or melanoma among adults,float64,0.08255741775294848,1711,9.128525775593161,1.6268870288378308,2.6,16.2407407407407
Cholesterol screening among adults,float64,0.08255741775294848,1857,85.51201824986559,2.597734229285863,66.1,92.7642857142857
Chronic obstructive pulmonary disease among adults,float64,0.08255741775294848,1799,8.754217257589794,2.080663943734095,3.02463768115942,17.4
Cognitive disability among adults,float64,0.08255741775294848,1958,16.01119914876345,2.7219310372472374,9.28474576271186,28.9
Colorectal cancer screening among adults aged 45–75 years,float64,0.02451893234016139,2237,64.53760848821497,4.322186072836309,41.3,77.6666666666667
Coronary heart disease among adults,float64,0.08255741775294848,1633,7.88465793264227,1.4844269183750591,2.84,13.925
Current asthma among adults,float64,0.08255741775294848,1514,10.804816352413528,0.9050657971315141,8.17401960784314,15.5
Current cigarette smoking among adults,float64,0.08255741775294848,2022,16.3034597426837,3.505256668635301,6.73766233766234,40.6666666666667
Current lack of health insurance among adults aged 18-64 years,float64,0.08255741775294848,2047,10.993447683041438,4.544491075767642,3.71607142857143,41.9117647058824
Depression among adults,float64,0.08255741775294848,1961,23.197192828826697,3.2567485780377394,13.1664921465969,34.76
Diagnosed diabetes among adults,float64,0.08255741775294848,1938,13.853757684972964,2.876344263096915,6.14,27.15
Fair or poor self-rated health status among adults,float64,0.08255741775294848,2138,22.470495364493832,4.812430767182549,10.9333333333333,44.2
Food insecurity in the past 12 months among adults,float64,0.28646803227808815,1795,16.891783163040238,6.104586748357603,5.6,47.1
Frequent mental distress among adults,float64,0.08255741775294848,1779,17.350093814785733,1.9861826278788457,12.0,26.1
Frequent physical distress among adults,float64,0.08255741775294848,1842,15.288376818852996,2.1911589788462256,8.51739130434783,23.1333333333333
Hearing disability among adults,float64,0.08255741775294848,1712,8.677466726494854,1.6560458031345546,3.78058252427184,15.675
High blood pressure among adults,float64,0.08255741775294848,2210,39.06607263199618,5.485359432279255,21.3204545454545,59.4
High cholesterol among adults who have ever been screened,float64,0.08255741775294848,2001,38.365285136554014,3.345911434332626,22.66,49.7185185185185
Housing insecurity in the past 12 months among adults,float64,0.28646803227808815,1695,12.857251004298838,4.2148763025506035,5.46666666666667,32.8
Independent living disability among adults,float64,0.08255741775294848,1806,9.60125476259517,1.9976322796913217,4.53333333333333,21.3333333333333
Lack of reliable transportation in the past 12 months among adults,float64,0.28646803227808815,1592,9.124871302779122,2.894157053073435,3.9,28.3
Lack of social and emotional support among adults,float64,0.28646803227808815,1642,23.474709312635035,3.371486469038145,16.4040816326531,37.3
Loneliness among adults,float64,0.28646803227808815,1650,32.855391634029026,3.0704637903712007,25.575,43.5710144927536
Mammography use among women aged 50-74 years,float64,0.02451893234016139,2177,73.6703618882941,3.945492100113143,52.7,85.018954248366
Mobility disability among adults,float64,0.08255741775294848,2027,16.932746484059248,3.7428468926098004,6.98115942028986,31.4
No leisure-time physical activity among adults,float64,0.08255741775294848,2224,28.716775477679636,5.523454802739735,12.2884615384615,50.6333333333333
Obesity among adults,float64,0.08255741775294848,2134,37.717466719969835,4.747944405939671,17.1679487179487,53.8
Received food stamps in the past 12 months among adults,float64,0.28646803227808815,1795,14.084697638948288,6.013853869429553,3.6,44.72
Self-care disability among adults,float64,0.08255741775294848,1605,4.671976177755532,1.259487854246539,1.83623188405797,11.0
Short sleep duration among adults,float64,0.02451893234016139,2197,36.24699621709155,4.131334413869001,24.251282051282,49.975
Stroke among adults,float64,0.08255741775294848,1474,4.191650774537747,0.8670662586629522,1.72,8.25
Taking medicine to control high blood pressure among adults with high blood pressure,float64,0.08255741775294848,1961,77.77099952404635,3.8023235267086144,42.8,86.5666666666667
Utility services shut-off threat in the past 12 months among adults,float64,0.28646803227808815,1591,9.089105271617308,3.310124706222687,3.5,26.16
Vision disability among adults,float64,0.08255741775294848,1709,6.115968082387487,1.7790369169674602,2.63333333333333,17.7
Visited dentist or dental clinic in the past year among adults,float64,0.02451893234016139,2482,58.00301025838399,10.566082390938856,5.5,79.0666666666667
Visits to doctor for routine checkup within the past year among adults,float64,0.08255741775294848,2006,77.81877646101684,3.4811442644548287,62.3,86.1636363636364
Urban,float64,0.027622594661700806,482,0.3485136499461755,0.3155737412908306,0.0,1.0
Pop2010,float64,0.027622594661700806,3051,3919.9582361998737,1168.8974247016372,82.0,11473.6
OHU2010,float64,0.027622594661700806,2957,1517.7270431091158,415.56425240358385,39.0,3802.2
GroupQuartersFlag,float64,0.027622594661700806,180,0.004946501959010987,0.02413821628829051,0.0,0.333333333333333
NUMGQTRS,float64,0.02824332712600869,2261,137.12694371850571,199.29956273268482,0.0,2682.0
PCTGQTRS,float64,0.02824332712600869,3065,3.2256135606188563,4.174824021010319,0.0,54.950652658389
LILATracts_1And10,float64,0.027622594661700806,423,0.19380879843314178,0.2300010223491387,0.0,1.0
LILATracts_halfAnd10,float64,0.027622594661700806,486,0.2592311099597717,0.24709619286131426,0.0,1.0
LILATracts_1And20,float64,0.027622594661700806,407,0.12223191375370034,0.17322601386520928,0.0,1.0
LILATracts_Vehicle,float64,0.027622594661700806,421,0.1711552362112369,0.21809178372872434,0.0,1.0
HUNVFlag,float64,0.027622594661700806,460,0.22446535880173837,0.22282733524235987,0.0,1.0
LowIncomeTracts,float64,0.027622594661700806,517,0.4542908490972276,0.3146344867694577,0.0,1.0
PovertyRate,float64,0.027932960893854747,3131,15.893073335415988,6.503954957138051,0.0,55.5493442513294
LA1and10,float64,0.027622594661700806,466,0.44738090884070464,0.28160985449773757,0.0,1.0
LAhalfand10,float64,0.027622594661700806,489,0.5556619837490633,0.3035212306161503,0.0,1.0
LA1and20,float64,0.027622594661700806,469,0.2645673809690137,0.24968570456393727,0.0,1.0
LATracts_half,float64,0.027622594661700806,490,0.33189593126938494,0.29595076974623175,0.0,1.0
LATracts1,float64,0.027622594661700806,467,0.22361485636102632,0.21361816146686582,0.0,1.0
LATracts10,float64,0.027622594661700806,176,0.2237660524796784,0.2954949993165256,0.0,1.0
LATracts20,float64,0.027622594661700806,60,0.04095252460798744,0.17420421084164212,0.0,1.0
LATractsVehicle_20,float64,0.027622594661700806,460,0.26173267235352926,0.25252865130488295,0.0,1.0
TractLOWI,float64,0.02824332712600869,2960,1370.637450656074,540.3850505732298,0.0,4311.11607142857
TractKids,float64,0.02824332712600869,2863,926.2363454050717,337.1809478666762,0.0,3606.6
TractSeniors,float64,0.02824332712600869,2728,599.4476318186787,180.9865243641471,12.0,2133.15789473684
TractWhite,float64,0.02824332712600869,3047,3229.522890051951,1116.507844676155,24.0,9589.1
TractBlack,float64,0.02824332712600869,2275,366.0530607438537,590.9645384479951,0.0,3959.0
TractAsian,float64,0.02824332712600869,1685,49.95821257265999,112.55007357248144,0.0,1750.66945606695
TractNHOPI,float64,0.02824332712600869,943,3.2331274089624276,18.911263964755967,0.0,678.454545454545
TractAIAN,float64,0.02824332712600869,1781,66.93528285597667,244.89737288638497,0.0,4703.0
TractOMultir,float64,0.02824332712600869,2424,202.93092599851389,233.42103050363343,2.0,2279.0
TractHispanic,float64,0.02824332712600869,2472,341.66058486943354,595.5749988477573,0.0,6269.69642857143
TractHUNV,float64,0.02824332712600869,2119,93.80551447756237,65.63953377024826,0.0,2041.38811188811
TractSNAP,float64,0.02824332712600869,2477,198.05034645331787,102.86136378425783,0.0,679.5
statecode,float64,0.024208566108007448,51,30.264312977099237,15.15266836395141,1.0,56.0
countycode,float64,0.024208566108007448,329,103.87404580152672,107.56652873641787,1.0,840.0
fipscode,float64,0.024208566108007448,3144,30368.18702290076,15170.427483552843,1001.0,56045.0
state,object,0.024208566108007448,51,,,,
county,object,0.024208566108007448,1882,,,,
year,float64,0.024208566108007448,1,2025.0,0.0,2025.0,2025.0
county_clustered,float64,0.024208566108007448,2,0.9825063613231552,0.13112238489108966,0.0,1.0
v001_rawvalue,float64,0.04407200496585972,3080,10404.185010478539,3831.809674826561,3315.2529485,46417.851928
v001_numerator,float64,0.04407200496585972,1656,1532.67987012987,4133.941069795942,20.0,111660.0
v001_denominator,float64,0.04407200496585972,3063,297160.0850649351,942696.7947442456,2173.0,27668798.0
v001_cilow,float64,0.04407200496585972,3080,8716.339865944285,3424.384317649392,1422.1027518,36447.024051
v001_cihigh,float64,0.04407200496585972,3080,12258.687025698182,4668.0838901982315,3554.7780586,59163.3627
v001_flag,float64,0.024208566108007448,3,0.09891857506361323,0.3603990449118954,0.0,2.0
v001_race_aian,float64,0.8801986343885785,386,21901.977548693783,12333.125456831045,3766.3508024,81499.082325
v001_race_aian_cilow,float64,0.8801986343885785,386,15372.099503833419,9960.69513143094,2127.5448405,62040.877538
v001_race_aian_cihigh,float64,0.8801986343885785,386,30676.03125342539,17614.286969124336,5238.0822262,175856.99556
v001_race_aian_flag,float64,0.09342023587833644,2,1.9441971927422115,0.22957982944502556,1.0,2.0
v001_race_asian,float64,0.8758535071384234,400,3898.3796460077506,1599.4395888676584,1441.20647,14487.85621
v001_race_asian_cilow,float64,0.8758535071384234,400,2698.9019380185246,1108.201346521513,682.89729403,6934.6640421
v001_race_asian_cihigh,float64,0.8758535071384234,400,5510.310525819249,2708.7090425258966,2203.0371823,27502.463975
v001_race_asian_flag,float64,0.10459342023587834,2,1.9511265164644713,0.2156408688880074,1.0,2.0
v001_race_black,float64,0.5546244568590938,1435,15321.10702374028,4932.374311860926,3826.1367883,51329.093817
v001_race_black_cilow,float64,0.5546244568590938,1435,11520.720540432334,4036.7558928309536,1538.3054296,28062.09323
v001_race_black_cihigh,float64,0.5546244568590938,1435,20149.53017964111,7945.223651769068,5639.7880704,86121.497592
v001_race_black_flag,float64,0.37274984481688395,2,1.8451261751608115,0.3618738996120919,1.0,2.0
v001_race_hispanic,float64,0.6564245810055865,1107,7682.789659351853,3400.36602304184,2713.4760302,71259.882118
v001_race_hispanic_cilow,float64,0.6564245810055865,1107,5753.684916562602,2492.54987777105,1700.5209816,43527.387277
v001_race_hispanic_cihigh,float64,0.6564245810055865,1107,10130.519923053025,5119.322385455079,3891.8426032,110055.10841
v001_race_hispanic_flag,float64,0.2914338919925512,2,1.8922470433639949,0.3101360792813647,1.0,2.0
v001_race_white,float64,0.05617628801986344,3041,10047.924088609965,3355.623449209589,2449.1636093,31780.606227
v001_race_white_cilow,float64,0.05617628801986344,3041,8101.1329567098655,2910.010489323995,1385.9589346,26510.693704
v001_race_white_cihigh,float64,0.05617628801986344,3041,12272.245952451793,4657.964473284091,2662.2818592,50764.420774
v001_race_white_flag,float64,0.8699565487274985,2,1.2458233890214798,0.4310890596458947,1.0,2.0
v001_race_nhopi,float64,0.9823091247672253,57,15176.52317038772,5703.722428020594,5896.5433785,32653.720888
v001_race_nhopi_cilow,float64,0.9823091247672253,57,11021.228671505263,4267.6376087172985,3350.1553235,21131.766456
v001_race_nhopi_cihigh,float64,0.9823091247672253,57,20487.026961335087,8488.62135114631,8639.8022521,51341.93417
v001_race_nhopi_flag,float64,0.037243947858473,2,1.995164410058027,0.06938125709541508,1.0,2.0
v001_race_tom_flag,float64,1.0,0,,,,
v036_rawvalue,float64,0.024208566108007448,3144,4.457886355104485,0.6627524298114922,2.7761264772,7.5323613667
v036_numerator,float64,1.0,0,,,,
v036_denominator,float64,1.0,0,,,,
v036_cilow,float64,0.024208566108007448,3144,3.6320766247244913,0.5760233165538802,2.1561934011,6.3232622046
v036_cihigh,float64,0.024208566108007448,3144,5.35788167449065,0.7594272324079607,3.3735131948,8.8282211859
v037_rawvalue,float64,0.05803848541278709,2925,0.08421112239420099,0.02132833779991241,0.029082774,0.2258064516
v037_numerator,float64,0.05803848541278709,1055,710.7719934102141,2234.1608716330175,10.0,53567.0
v037_denominator,float64,0.05803848541278709,2462,8455.148929159803,26908.98842382659,62.0,715234.0
v037_cilow,float64,0.05803848541278709,3020,0.07039483210958813,0.021428049996303912,0.0135047874,0.1648792875
v037_cihigh,float64,0.05803848541278709,3020,0.09802741267841844,0.02510391267246318,0.0446607607,0.3298830702
v037_flag,float64,0.024208566108007448,2,0.05947837150127226,0.23655547621603643,0.0,1.0
v037_race_aian,float64,0.9115456238361266,269,0.09055328754982456,0.027917213522756914,0.0361111111,0.2127659574
v037_race_aian_cilow,float64,0.9115456238361266,280,0.05531501779157895,0.01831662825106717,0.017679371,0.1300298378
v037_race_aian_cihigh,float64,0.9115456238361266,280,0.12579155730421052,0.043865593746362355,0.0497388479,0.3169297336
v037_race_asian,float64,0.7948479205462445,607,0.09608692400378215,0.02283976758688843,0.0367647059,0.2179487179
v037_race_asian_cilow,float64,0.7948479205462445,644,0.06678384858320725,0.01949597083094279,0.0144005062,0.1263259209
v037_race_asian_cihigh,float64,0.7948479205462445,644,0.1253899994311649,0.036900430810156766,0.0591289055,0.3169297336
v037_race_black,float64,0.5667287399130975,1267,0.14999676280587393,0.03332883333136101,0.035046729,0.35
v037_race_black_cilow,float64,0.5667287399130975,1364,0.11574812818810888,0.03229551456543368,0.0176242049,0.2121219496
v037_race_black_cihigh,float64,0.5667287399130975,1364,0.18424539742392548,0.04835684950206413,0.052469253,0.4978144107
v037_race_hispanic,float64,0.5257603972687771,1368,0.0810061631071335,0.020907592840402868,0.0397350993,0.3243243243
v037_race_hispanic_cilow,float64,0.5257603972687771,1490,0.05754379525366492,0.01720623417161138,0.0176304608,0.1734851618
v037_race_hispanic_cihigh,float64,0.5257603972687771,1490,0.10446853096020943,0.03325319895277456,0.0566845429,0.4751634869
v037_race_white,float64,0.0893854748603352,2741,0.07539463817464213,0.015580759977361927,0.0285714286,0.2121212121
v037_race_white_cilow,float64,0.0893854748603352,2898,0.06022340821083844,0.014923528810721476,0.0126382347,0.1315907432
v037_race_white_cihigh,float64,0.0893854748603352,2898,0.0905658681386503,0.02144532131319463,0.0445046224,0.2926516811
v037_race_nhopi,float64,0.9714463066418374,90,0.10282997299999998,0.0453030424562654,0.0438247012,0.3777777778
v037_race_nhopi_cilow,float64,0.9714463066418374,92,0.06282746620217391,0.027856556948056308,0.0184998179,0.236119885
v037_race_nhopi_cihigh,float64,0.9714463066418374,92,0.14283247979347824,0.06796409654001558,0.0615990144,0.5194356705
v037_race_tom,float64,0.7439478584729982,731,0.10099439788666666,0.029323298281115004,0.0403458213,0.2978723404
v037_race_tom_cilow,float64,0.7439478584729982,793,0.06502202622860606,0.02098794978816622,0.0159056638,0.1671257801
v037_race_tom_cihigh,float64,0.7439478584729982,793,0.13696676954654546,0.04507201171813507,0.0610495226,0.4286189007
v042_rawvalue,float64,0.024208566108007448,3144,5.642205300283589,0.6071554925343466,3.4999151961,8.2368968372
v042_numerator,float64,1.0,0,,,,
v042_denominator,float64,1.0,0,,,,
v042_cilow,float64,0.024208566108007448,3144,4.638456591734956,0.5443677214303124,2.873295911,6.9839290354
v042_cihigh,float64,0.024208566108007448,3144,6.712416448306934,0.6918515890958344,4.1954473283,9.5444462511
v002_rawvalue,float64,0.024208566108007448,254,0.19561927480916028,0.047996013701089975,0.088,0.465
v002_numerator,float64,1.0,0,,,,
v002_denominator,float64,1.0,0,,,,
v002_cilow,float64,0.024208566108007448,231,0.17516984732824425,0.04439646283247379,0.077,0.441
v002_cihigh,float64,0.024208566108007448,270,0.2172337786259542,0.05163081200751637,0.101,0.489
v155_rawvalue,float64,0.032588454376163874,65,0.41173243503368623,0.10415878081530174,0.03,0.69
v155_numerator,float64,1.0,0,,,,
v155_denominator,float64,1.0,0,,,,
v155_cilow,float64,1.0,0,,,,
v155_cihigh,float64,1.0,0,,,,
v155_race_aian,float64,0.8178150217256362,66,0.36236797274275984,0.13270105820843134,0.02,0.75
v155_race_asian,float64,0.6477343265052762,66,0.46164757709251103,0.1117008911891434,0.11,0.85
v155_race_black,float64,0.4649286157666046,58,0.3471983758700696,0.08519537532323501,0.04,0.69
v155_race_hispanic,float64,0.5220360024829298,60,0.31996753246753246,0.09290873335348256,0.03,0.73
v155_race_white,float64,0.033209186840471756,67,0.41908186195826647,0.10678788591004003,0.03,0.7
v132_rawvalue,float64,0.03879577901924271,3062,0.6201689768240555,0.22887468701107488,0.0,1.0
v132_numerator,float64,0.03879577901924271,2996,90383.2596060704,324747.59366612666,0.0,9808879.0
v132_denominator,float64,0.024208566108007448,3086,105422.79930025445,335456.3711255352,64.0,10014009.0
v132_cilow,float64,1.0,0,,,,
v132_cihigh,float64,1.0,0,,,,
v133_rawvalue,float64,0.03786468032278088,84,7.453096774193548,1.1996853775688636,0.0,10.0
v133_numerator,float64,0.03786468032278088,3095,0.08545079194381566,0.07424508403183888,0.0,0.6259991773
v133_denominator,float64,0.027001862197392923,194,0.14410653907496013,0.03475759991338097,0.058,0.288
v133_cilow,float64,1.0,0,,,,
v133_cihigh,float64,1.0,0,,,,
v004_rawvalue,float64,0.07572936064556177,2883,0.0005343265387508395,0.00036843206505665426,0.0,0.0058052745
v004_numerator,float64,0.027001862197392923,398,78.38819776714513,276.72751623163737,0.0,7411.0
v004_denominator,float64,0.027001862197392923,3084,104717.11259968102,332530.1753909958,57.0,9829544.0
v004_cilow,float64,1.0,0,,,,
v004_cihigh,float64,1.0,0,,,,
v004_other_data_1,float64,0.07572936064556177,2956,2712.3684904807124,2507.3165293365914,-1923.0,29081.0
v062_rawvalue,float64,0.07728119180633147,2935,0.0020931466141944164,0.0023179301781629117,0.0,0.0371263399
v062_numerator,float64,0.024208566108007448,741,354.09923664122135,1411.4507927842242,0.0,46181.0
v062_denominator,float64,0.024208566108007448,3084,106525.09382951654,332571.66297843854,43.0,9663345.0
v062_cilow,float64,1.0,0,,,,
v062_cihigh,float64,1.0,0,,,,
v062_other_data_1,float64,0.07728119180633147,2965,1265.989172852762,1817.9741676140227,-992.0,26793.0
v088_rawvalue,float64,0.054003724394785846,2875,0.0004819757089566929,0.0003479817937931379,0.0,0.008164191
v088_numerator,float64,0.027001862197392923,391,77.09122807017543,305.76814561568057,0.0,9423.0
v088_denominator,float64,0.027001862197392923,3071,105155.13620414674,332063.54719978414,51.0,9721138.0
v088_cilow,float64,1.0,0,,,,
v088_cihigh,float64,1.0,0,,,,
v088_other_data_1,float64,0.054003724394785846,3023,2675.9261024404163,2567.6220166359635,-3980.0,31473.0
v005_rawvalue,float64,0.04996896337678461,2058,2827.140476968311,1080.5425778805359,133.0,10322.0
v005_numerator,float64,1.0,0,,,,
v005_denominator,float64,1.0,0,,,,
v005_cilow,float64,1.0,0,,,,
v005_cihigh,float64,1.0,0,,,,
v005_race_aian,float64,0.9140285536933581,264,4922.830324909747,5374.217892887902,417.0,47768.0
v005_race_asian,float64,0.883302296710118,343,2137.502659574468,3356.066526951789,265.0,54545.0
v005_race_black,float64,0.6021104903786468,1139,4235.165366614665,3162.132869828506,203.0,54545.0
v005_race_hispanic,float64,0.7600869025450031,694,3184.886157826649,2960.2875608598774,230.0,28571.0
v005_race_white,float64,0.05803848541278709,2019,2717.9166392092257,1054.1936334685654,135.0,10351.0
v050_rawvalue,float64,0.03382991930477964,57,0.4281593318342435,0.08323386882053252,0.04,0.67
v050_numerator,float64,1.0,0,,,,
v050_denominator,float64,1.0,0,,,,
v050_cilow,float64,1.0,0,,,,
v050_cihigh,float64,1.0,0,,,,
v050_race_aian,float64,0.8836126629422719,57,0.31717333333333336,0.11942826962847936,0.03,0.67
v050_race_asian,float64,0.7219118559900682,52,0.3627232142857143,0.0954820487216973,0.12,0.73
v050_race_black,float64,0.5515207945375543,60,0.40902422145328715,0.09430208779208119,0.09,0.78
v050_race_hispanic,float64,0.6657355679702048,54,0.3130640668523677,0.0908309869838289,0.07,0.64
v050_race_white,float64,0.035071384233395404,55,0.4338018655516243,0.0817478425700542,0.12,0.66
v085_rawvalue,float64,0.02451893234016139,3142,0.1047328713939548,0.04650013066468165,0.0214924997,0.3768115942
v085_numerator,float64,0.02451893234016139,2501,8175.221762647152,32507.401983764634,1.0,916764.0
v085_denominator,float64,0.02451893234016139,3065,85618.95863824371,276064.35056650377,45.0,8106974.0
v085_cilow,float64,0.02451893234016139,3143,0.08939514689990455,0.041364455219064185,0.0167265422,0.3291520197
v085_cihigh,float64,0.02451893234016139,3143,0.12007059588810054,0.051791457215690895,0.0222222222,0.4244711687
v136_rawvalue,float64,0.024208566108007448,3049,0.12818554804255725,0.044246367273471435,0.0,0.6115702479
v136_numerator,float64,0.024208566108007448,1312,6644.214694656489,28858.21326324765,0.0,1067865.0
v136_denominator,float64,0.024208566108007448,2497,39443.71501272265,120029.61558647113,30.0,3342810.0
v136_cilow,float64,0.02451893234016139,3118,0.09844269736172448,0.04604915053806779,0.0,0.5427842827
v136_cihigh,float64,0.02451893234016139,3143,0.15847148984132997,0.05237416483903207,0.0375275877,0.9440479694
v136_other_data_1,float64,0.024208566108007448,3111,0.09986182791739821,0.03376106220393293,0.0,0.2953211207
v136_other_data_1_cilow,float64,0.024208566108007448,3034,0.07144585541412214,0.038075965236081824,0.0,0.2873571275
v136_other_data_1_cihigh,float64,0.024208566108007448,3142,0.1308380544442112,0.04894866804919789,0.0412768995,1.0
v136_other_data_2,float64,0.024208566108007448,3018,0.02366192857143766,0.02400201780908004,0.0,0.4187327824
v136_other_data_2_cilow,float64,0.024208566108007448,2443,0.011440000868628628,0.019171792925416944,0.0,0.3538900923
v136_other_data_2_cihigh,float64,0.024208566108007448,3142,0.039259008017080155,0.042186189511771784,0.0052883306,1.0
v136_other_data_3,float64,0.024208566108007448,2903,0.012175244683110688,0.01639003491148632,0.0,0.3710526316
v136_other_data_3_cilow,float64,0.024208566108007448,2131,0.004264309293872455,0.012739803657920658,0.0,0.322694012
v136_other_data_3_cihigh,float64,0.024208566108007448,3142,0.02311543024398855,0.029867962176648583,0.0024660381,0.6740081659
v067_rawvalue,float64,0.024208566108007448,3137,0.7687349942038805,0.07790548146840252,0.0440924658,0.9426501035
v067_numerator,float64,0.024208566108007448,2994,35195.07569974555,106216.72081775896,14.0,3122345.0
v067_denominator,float64,0.024208566108007448,3011,50141.59764631043,161935.07124415878,25.0,4705602.0
v067_cilow,float64,0.024208566108007448,3144,0.7293650192858462,0.08652655486854827,0.0215133253,0.8980128923
v067_cihigh,float64,0.024208566108007448,3130,0.8077682765600509,0.08035579006823876,0.0600417545,1.0
v067_race_aian,float64,0.8684047175667288,420,0.6936201974521227,0.1397182586373951,0.0379388448,0.9500734214
v067_race_aian_cilow,float64,0.8684047175667288,424,0.5860857499191038,0.15056283665757872,0.0228166568,0.8763287734
v067_race_aian_cihigh,float64,0.8684047175667288,405,0.7973842871632075,0.14943150259412372,0.0530610329,1.0
v067_race_asian,float64,0.8106765983860956,610,0.6417704864608196,0.11423381792643253,0.0987502117,0.910122164
v067_race_asian_cilow,float64,0.8106765983860956,610,0.5534009266129508,0.11842571803637518,0.0304198391,0.8644084208
v067_race_asian_cihigh,float64,0.8106765983860956,602,0.7286981360337705,0.13250775315732513,0.1046228521,1.0
v067_race_black,float64,0.6685288640595903,1068,0.7410870265218165,0.0955155467268161,0.0740740741,0.9611689351
v067_race_black_cilow,float64,0.6685288640595903,1068,0.6600578169343633,0.1069948598322955,0.0198423454,0.8811227886
v067_race_black_cihigh,float64,0.6685288640595903,1035,0.8205246723025281,0.10509374641776467,0.1283058027,1.0
v067_race_hispanic,float64,0.5794537554314091,1352,0.702650497864059,0.09594623998435857,0.067114094,0.9122807018
v067_race_hispanic_cilow,float64,0.5794537554314091,1355,0.6164812332227306,0.11364722392578185,0.011681261,0.8513004026
v067_race_hispanic_cihigh,float64,0.5794537554314091,1337,0.7883529231385977,0.10356841083044832,0.1203070796,1.0
v067_race_white,float64,0.04562383612662942,3064,0.7622733363580163,0.08042064527264225,0.1059775033,0.9678899083
v067_race_white_cilow,float64,0.04562383612662942,3074,0.7139324039839023,0.0931697699588481,0.0,0.9234844413
v067_race_white_cihigh,float64,0.04562383612662942,3055,0.8104098999418863,0.08058605677577836,0.1087700145,1.0
v137_rawvalue,float64,0.024208566108007448,572,0.3321154580152672,0.12766756949431432,0.0,0.745
v137_numerator,float64,1.0,0,,,,
v137_denominator,float64,0.024208566108007448,3011,50141.59764631043,161935.07124415878,25.0,4705602.0
v137_cilow,float64,0.024208566108007448,3108,0.2772059563794529,0.12110579853542856,0.0,0.6764091127
v137_cihigh,float64,0.024208566108007448,3137,0.3887053972474554,0.1432920765819488,0.0325920633,1.0
v125_rawvalue,float64,0.05058969584109249,141,7.649624060150375,2.008927676150063,1.3,39.1
v125_numerator,float64,1.0,0,,,,
v125_denominator,float64,1.0,0,,,,
v125_cilow,float64,1.0,0,,,,
v125_cihigh,float64,1.0,0,,,,
v124_rawvalue,float64,0.040657976412166355,2,0.37075380135878355,0.4830847961515264,0.0,1.0
v124_numerator,float64,1.0,0,,,,
v124_denominator,float64,1.0,0,,,,
v124_cilow,float64,1.0,0,,,,
v124_cihigh,float64,1.0,0,,,,
v166_rawvalue,float64,0.024208566108007448,3137,0.843498997736514,0.06575643164295843,0.4813829787,1.0
v166_numerator,float64,0.024208566108007448,2968,36376.35559796438,112468.72185178017,9.0,3108381.0
v166_denominator,float64,0.024208566108007448,2984,40547.98505089059,122958.12809433165,17.0,3390254.0
v166_cilow,float64,0.024208566108007448,3144,0.8109835406753181,0.0832908991907031,0.0,0.9736971897
v166_cihigh,float64,0.024208566108007448,3133,0.8753100814131678,0.05548302061965661,0.5350280463,1.0
v181_rawvalue,float64,0.06424581005586592,2673,2.5934804011310115,2.8621245023544035,0.0017748082,98.527131783
v181_numerator,float64,1.0,0,,,,
v181_denominator,float64,1.0,0,,,,
v181_cilow,float64,0.6225946617008069,1213,1.743575395295806,1.3178619576468176,0.0162982809,10.857413848
v181_cihigh,float64,0.6225946617008069,1215,5.69318347921028,5.647252008667589,0.3391585761,114.01075269
v069_rawvalue,float64,0.02451893234016139,3134,0.5918588298035634,0.11713920740118022,0.1680578742,0.9320703654
v069_numerator,float64,0.024208566108007448,2748,19197.903307888042,68242.32561991735,0.0,1976026.0
v069_denominator,float64,0.024208566108007448,2891,28304.872455470737,97462.72782622074,0.0,2944830.0
v069_cilow,float64,0.03569211669770329,3101,0.5109341681572256,0.13165972982189017,0.0,0.8940167003
v069_cihigh,float64,0.03569211669770329,3076,0.6696442462921468,0.11954842368881648,0.2575428146,1.0
v168_rawvalue,float64,0.024208566108007448,3141,0.8876034288966286,0.05478759314709292,0.4680851064,1.0
v168_numerator,float64,0.024208566108007448,3038,64950.52290076336,198647.15716289176,22.0,5575412.0
v168_denominator,float64,0.024208566108007448,3058,72657.33492366412,230472.88168242085,43.0,6911969.0
v168_cilow,float64,0.03227808814400993,3116,0.8640431205493907,0.0675782031087675,0.0844178901,1.0
v168_cihigh,float64,0.03227808814400993,3078,0.9102198512898012,0.04767853591889273,0.599213491,1.0
v023_rawvalue,float64,0.027312228429546864,3120,0.035901728464996806,0.012222600138261009,0.0031230481,0.1726880782
v023_numerator,float64,0.027312228429546864,1569,1912.8525845564773,7283.706191215666,5.0,252042.0
v023_denominator,float64,0.027312228429546864,2995,52583.470325462666,172230.52004113985,127.0,5015629.0
v023_cilow,float64,1.0,0,,,,
v023_cihigh,float64,1.0,0,,,,
v044_rawvalue,float64,0.031036623215394164,3122,4.560346069019315,0.8122386725112054,2.2713408639,10.49667903
v044_numerator,float64,0.031036623215394164,3055,124754.06918641896,27259.700672246672,52261.0,249421.0
v044_denominator,float64,0.031036623215394164,2941,28378.979820627803,8530.722658702203,9488.0,74393.0
v044_cilow,float64,0.031036623215394164,3115,3.726781240014382,0.7682643367954677,0.0,7.2598829354
v044_cihigh,float64,0.031036623215394164,3122,5.4003657370205325,1.35359174373281,2.9152103751,19.822111042
v024_rawvalue,float64,0.02451893234016139,395,0.18992745784282533,0.08056179938515813,0.031,0.632
v024_numerator,float64,0.02451893234016139,2121,3641.504295259306,12383.778482182426,1.0,337451.0
v024_denominator,float64,1.0,0,,,,
v024_cilow,float64,0.02451893234016139,2486,0.12571213300731787,0.05635600600087342,0.0202765957,0.4168510638
v024_cihigh,float64,0.02451893234016139,2522,0.25414278267833285,0.10713256864415033,0.0417234043,0.8845957447
v024_race_aian,float64,0.749534450651769,783,0.2905324225613383,0.20338131521379924,0.0022371365,0.9515151515
v024_race_aian_cilow,float64,0.749534450651769,515,0.11832808992069395,0.14829191879328896,0.0,0.8126018989
v024_race_aian_cihigh,float64,0.749534450651769,745,0.5199121451577448,0.2564216967756825,0.0516173439,1.0
v024_race_asian,float64,0.7594661700806952,766,0.16232592634400003,0.1586902175300374,0.0020833333,0.9420289855
v024_race_asian_cilow,float64,0.7594661700806952,379,0.04674501476929032,0.08387387501689433,0.0,0.5803928483
v024_race_asian_cihigh,float64,0.7594661700806952,748,0.3636174965152258,0.27152850390208144,0.0222970891,1.0
v024_race_black,float64,0.4903786468032278,1603,0.34932259289208284,0.1921330961648367,0.0054347826,0.96
v024_race_black_cilow,float64,0.4903786468032278,1318,0.20099330964086481,0.17157976758894733,0.0,0.8949908574
v024_race_black_cihigh,float64,0.4903786468032278,1564,0.5224360580763703,0.22914362611564426,0.0409994789,1.0
v024_race_hispanic,float64,0.22780881440099318,2378,0.25819442949662386,0.16593756813818206,0.003649635,0.9904761905
v024_race_hispanic_cilow,float64,0.22780881440099318,1847,0.12701921119389067,0.1339658752924609,0.0,0.8984293129
v024_race_hispanic_cihigh,float64,0.22780881440099318,2430,0.4161615312236334,0.21904862323459395,0.034007843,1.0
v024_race_white,float64,0.048727498448168836,3051,0.13994097636590536,0.08381414807663769,0.0025974026,0.8181818182
v024_race_white_cilow,float64,0.048727498448168836,2866,0.08351813283650897,0.06299532075326175,0.0,0.4175445609
v024_race_white_cihigh,float64,0.048727498448168836,3062,0.19892198532179445,0.11643338362358296,0.0171899713,1.0
v135_rawvalue,float64,0.05803848541278709,3032,99.86346287812223,30.047700407652027,27.747589428,311.74229304
v135_numerator,float64,0.05803848541278709,915,449.2359143327842,1212.0237415690367,10.0,26296.0
v135_denominator,float64,0.05803848541278709,3027,537526.7370675453,1687586.5645080763,5627.0,49638353.0
v135_cilow,float64,0.05803848541278709,3035,81.3506274360033,25.896563827035813,17.778404114,236.63375969
v135_cihigh,float64,0.05803848541278709,3035,121.80072996667283,41.02115197279473,31.211418689,492.6872232
v135_race_aian,float64,0.9106145251396648,288,195.75732338355556,89.99972770914697,38.947054915,614.48036334
v135_race_aian_cilow,float64,0.9106145251396648,288,129.86615542561805,67.91644128260522,22.688094732,455.48157837
v135_race_aian_cihigh,float64,0.9106145251396648,288,287.6454503526736,136.1186467288654,62.35800778,875.90212443
v135_race_asian,float64,0.9065797641216635,301,31.496863979325585,12.993457929077898,10.315514064,85.344091861
v135_race_asian_cilow,float64,0.9065797641216635,301,20.865508056825245,8.483112885307406,6.4646777444,49.413633205
v135_race_asian_cihigh,float64,0.9065797641216635,301,46.3849960051794,22.532339893901746,15.617812261,152.70415481
v135_race_black,float64,0.6241464928615766,1209,109.94342688038479,46.517432188900905,24.434253064,522.06929283
v135_race_black_cilow,float64,0.6241464928615766,1211,78.89938583770933,35.297692092319636,13.010210682,288.29975175
v135_race_black_cihigh,float64,0.6241464928615766,1211,151.75994091697933,74.70755076673406,40.162208874,934.12617529
v135_race_hispanic,float64,0.7057728119180633,948,59.589064500662445,25.89264000769617,12.95001295,228.55183841
v135_race_hispanic_cilow,float64,0.7057728119180633,948,41.59691335517341,20.093436587444224,6.2100345715,203.51002351
v135_race_hispanic_cihigh,float64,0.7057728119180633,948,84.19611011858123,39.56940548094471,23.81553489,312.8143569
v135_race_white,float64,0.07697082557417753,2972,106.6537453303497,30.51498426276388,29.25129228,300.22912222
v135_race_white_cilow,float64,0.07697082557417753,2973,85.25133678765737,25.827129395177785,17.938338512,243.23778114
v135_race_white_cihigh,float64,0.07697082557417753,2973,132.58786988662945,44.22378892750731,33.207612917,418.4908797
v135_race_nhopi,float64,0.9891371818746121,35,81.00166191048571,32.00784261723991,36.456434561,183.1166453
v135_race_nhopi_cilow,float64,0.9891371818746121,35,51.61523840828571,17.54029246379743,18.198920781,98.506343448
v135_race_nhopi_cihigh,float64,0.9891371818746121,35,122.51181483934285,59.36923856102191,57.18761247,336.75803043
v140_rawvalue,float64,0.024208566108007448,2979,11.32810410405197,5.901092988947379,0.0,59.612518629
v140_numerator,float64,0.024208566108007448,446,93.05025445292621,232.2564862919627,0.0,5949.0
v140_denominator,float64,0.024208566108007448,3080,106007.49268447838,332287.79915726685,51.0,9721138.0
v140_cilow,float64,1.0,0,,,,
v140_cihigh,float64,1.0,0,,,,
v171_rawvalue,float64,0.027622594661700806,3132,0.2856358631984998,0.07013562337929427,0.1227069195,0.6517251674
v171_numerator,float64,1.0,0,,,,
v171_denominator,float64,0.027622594661700806,3024,65494.35142036387,16488.35673228808,28579.0,173655.0
v171_cilow,float64,1.0,0,,,,
v171_cihigh,float64,1.0,0,,,,
v147_rawvalue,float64,0.05027932960893855,3060,75.13345618319607,3.624695581174119,53.98081304,94.218993001
v147_numerator,float64,1.0,0,,,,
v147_denominator,float64,1.0,0,,,,
v147_cilow,float64,0.05027932960893855,3060,73.81358857425164,3.7973627803567376,50.152090803,90.183958098
v147_cihigh,float64,0.05027932960893855,3060,76.45332379214248,3.7390223343716684,57.809535277,108.79901178
v147_race_aian,float64,0.9130974549968963,280,72.91040671271429,13.746499125818977,51.091784627,143.31141037
v147_race_aian_cilow,float64,0.9130974549968963,280,66.68356594637856,8.360544444876377,47.859142026,99.040867039
v147_race_aian_cihigh,float64,0.9130974549968963,280,79.13724747923214,21.34925976662397,53.150004347,196.46021044
v147_race_asian,float64,0.8255741775294848,562,86.42967867172419,4.739301393842197,72.491441064,118.87860012
v147_race_asian_cilow,float64,0.8255741775294848,562,81.68062805024199,4.246673511068965,54.495862787,90.459983891
v147_race_asian_cihigh,float64,0.8255741775294848,562,91.17872929329538,9.483479300199845,76.906799342,170.3232292
v147_race_black,float64,0.6039726877715704,1276,71.43087813539576,4.226883635443665,58.968344316,114.36960266
v147_race_black_cilow,float64,0.6039726877715704,1276,68.75164295623118,3.9930597301742767,53.942555131,82.356134992
v147_race_black_cihigh,float64,0.6039726877715704,1276,74.11011331451725,5.74148303331649,62.144300859,162.37369625
v147_race_hispanic,float64,0.5986964618249534,1293,82.94022740018639,6.9173819069353115,67.564959623,121.01768062
v147_race_hispanic_cilow,float64,0.5986964618249534,1293,75.77240116312065,5.403152301703171,50.912715133,90.88515674
v147_race_hispanic_cihigh,float64,0.5986964618249534,1293,90.10805363722352,14.620456759669922,70.300008988,169.19243705
v147_race_white,float64,0.07541899441340782,2979,75.35887306311581,3.5242886093269084,60.20944439,125.05374977
v147_race_white_cilow,float64,0.07541899441340782,2979,73.91224992453473,3.6659658846648226,58.101095184,91.200818813
v147_race_white_cihigh,float64,0.07541899441340782,2979,76.80549620171735,3.7546331401784347,62.317793597,158.90668073
v147_race_nhopi,float64,0.9860335195530726,45,73.78083586886666,6.284774352633998,63.235495306,91.463141944
v147_race_nhopi_cilow,float64,0.9860335195530726,45,69.40756826497778,6.156536812325688,56.235816003,83.006973062
v147_race_nhopi_cihigh,float64,0.9860335195530726,45,78.15410347282224,9.363233400520762,65.662291397,114.86460985
v127_rawvalue,float64,0.04407200496585972,3080,499.8190750766266,162.91018285495625,139.76365723,1948.6112342
v127_numerator,float64,0.04407200496585972,1656,1532.67987012987,4133.941069795942,20.0,111660.0
v127_denominator,float64,0.04407200496585972,3063,297160.0850649351,942696.7947442456,2173.0,27668798.0
v127_cilow,float64,0.04407200496585972,3080,445.02515009145776,149.91248910299623,110.82388792,1564.8948293
v127_cihigh,float64,0.04407200496585972,3080,557.9473894972598,184.69351066182924,173.94796966,2397.9338005
v127_race_aian,float64,0.8801986343885785,386,928.4007773745078,476.16895344836763,180.72473611,2868.8173736
v127_race_aian_cilow,float64,0.8801986343885785,386,703.7314034789896,398.2881686522145,116.18456897,2320.6637908
v127_race_aian_cihigh,float64,0.8801986343885785,386,1207.572150899171,601.2213597219993,236.39240451,3636.9096078
v127_race_asian,float64,0.8758535071384234,400,200.868961319505,76.1218585406901,74.947878031,643.83275605
v127_race_asian_cilow,float64,0.8758535071384234,400,154.0189362972925,56.128169057670355,43.358402365,404.63236807
v127_race_asian_cihigh,float64,0.8758535071384234,400,259.145349503725,114.84242823341881,114.56579294,1151.9946455
v127_race_black,float64,0.5546244568590938,1435,714.1828928032126,202.39335599533882,229.29359141,1953.9038046
v127_race_black_cilow,float64,0.5546244568590938,1435,580.5267354172125,169.58341541545465,148.91991834,1285.4408844
v127_race_black_cihigh,float64,0.5546244568590938,1435,872.7984355915399,287.97292091977397,280.65654089,2862.9217844
v127_race_hispanic,float64,0.6564245810055865,1107,364.0928975057543,184.4258465176905,125.59408883,4365.321563
v127_race_hispanic_cilow,float64,0.6564245810055865,1107,282.9298248336062,137.07838568117032,84.737804331,2702.20285
v127_race_hispanic_cihigh,float64,0.6564245810055865,1107,464.45269396387533,264.81217656251255,170.63719999,6672.8577174
v127_race_white,float64,0.05617628801986344,3041,489.17462064237094,150.27140510023153,145.5688434,1629.7076315
v127_race_white_cilow,float64,0.05617628801986344,3041,427.23757969836566,136.10939197469685,107.23731313,1427.2048131
v127_race_white_cihigh,float64,0.05617628801986344,3041,556.360292160901,180.0081953477076,154.72540708,1832.2104499
v127_race_nhopi,float64,0.9823091247672253,57,752.2691437094736,346.37268695702363,306.85632754,1943.5889021
v127_race_nhopi_cilow,float64,0.9823091247672253,57,567.5945529714036,233.23169958375556,202.13873454,1257.7882596
v127_race_nhopi_cihigh,float64,0.9823091247672253,57,983.9656174533333,534.3057952648006,392.60254174,2869.1206272
v128_rawvalue,float64,0.3612662942271881,2053,64.63362087864382,26.442973038668978,19.014795888,326.69062398
v128_numerator,float64,0.3612662942271881,307,79.41545189504373,187.06060593032615,10.0,3251.0
v128_denominator,float64,0.3612662942271881,2031,153951.27842565597,396832.8140408498,3061.0,9282015.0
v128_cilow,float64,0.3612662942271881,2056,42.94212463219777,17.286337346770804,10.500756061,196.83106682
v128_cihigh,float64,0.3612662942271881,2056,94.823513398638,44.95683346239822,24.723516621,600.79568906
v128_race_aian,float64,0.9823091247672253,57,143.452056107,68.87182421804262,57.290174735,349.31724357
v128_race_aian_cilow,float64,0.9823091247672253,57,84.78364193743857,43.60807469147024,27.472865632,207.72861053
v128_race_aian_cihigh,float64,0.9823091247672253,57,229.5421965827193,111.38917905560946,96.799782421,625.02504012
v128_race_asian,float64,0.9652389819987586,112,32.768278518794645,11.404503507062172,14.996625759,73.519275835
v128_race_asian_cilow,float64,0.9652389819987586,112,20.159674196867854,6.712040951636001,7.7495277417,42.022618452
v128_race_asian_cihigh,float64,0.9652389819987586,112,50.881870746258926,20.52448746757384,20.843145181,119.39069796
v128_race_black,float64,0.8047796399751707,629,115.64699274250557,38.877714776397916,36.332408508,374.78705281
v128_race_black_cilow,float64,0.8047796399751707,629,76.80427817391892,26.46392497243763,21.975693391,187.09234641
v128_race_black_cihigh,float64,0.8047796399751707,629,169.75771516011127,68.68070878426428,55.00770311,670.59756434
v128_race_hispanic,float64,0.8516449410304159,478,53.615182399738494,19.595287616212605,20.684168656,171.55601304
v128_race_hispanic_cilow,float64,0.8516449410304159,478,35.20785972724059,12.175467984227039,10.650452631,100.22242395
v128_race_hispanic_cihigh,float64,0.8516449410304159,478,79.45068989575104,35.61167669911487,28.75093967,315.49761609
v128_race_white,float64,0.4931719428926133,1630,57.212142976481324,23.96598401011931,15.67062518,206.85579196
v128_race_white_cilow,float64,0.4931719428926133,1632,36.05992403917324,13.510324978100579,9.8986198349,114.06163291
v128_race_white_cihigh,float64,0.4931719428926133,1632,87.21232453077465,42.639725351860825,18.726824731,349.70946026
v128_race_nhopi,float64,0.9959652389819987,13,97.73952232446155,32.01806832695561,55.639014077,150.82956259
v128_race_nhopi_cilow,float64,0.9959652389819987,13,56.98420065907692,20.215618257848867,26.681069917,94.538919992
v128_race_nhopi_cihigh,float64,0.9959652389819987,13,157.4147683823846,52.69235096074204,76.770534189,253.06637709
v129_rawvalue,float64,0.6362507759155804,1165,6.568521164419795,2.1184408246334563,1.5665796345,20.226055919
v129_numerator,float64,0.6362507759155804,287,113.0,215.61923614494637,20.0,2947.0
v129_denominator,float64,0.6362507759155804,1148,20088.12627986348,41908.548448048976,1367.0,747669.0
v129_cilow,float64,0.6362507759155804,1169,4.853265415653413,1.5321874115955236,1.0037371315,14.007131698
v129_cihigh,float64,0.6362507759155804,1169,8.737970335780545,3.193022812271584,2.3309463181,28.263885839
v129_race_aian,float64,0.9962756052141527,12,10.390514214316667,4.869112451590783,5.3464023168,19.975031211
v129_race_aian_cilow,float64,0.9962756052141527,12,7.0740986182666665,3.355040422105239,3.4255408453,13.662906561
v129_race_aian_cihigh,float64,0.9962756052141527,12,14.752231096625001,6.917709053785865,7.6357496676,28.19878407
v129_race_asian,float64,0.9819987585350713,58,3.3865424022103445,1.2039605321019984,1.6471333545,7.267922035
v129_race_asian_cilow,float64,0.9819987585350713,58,2.3694014809793105,0.7724293191126945,1.0759621929,4.554768045
v129_race_asian_cihigh,float64,0.9819987585350713,58,4.707193187477587,1.8698407154571983,2.0954344106,11.003721304
v129_race_black,float64,0.8805090006207325,384,12.146427816116883,3.2740510112501697,5.2362396493,25.023169601
v129_race_black_cilow,float64,0.8805090006207325,385,8.956830078487531,2.4766024342149495,3.5680805075,16.826430795
v129_race_black_cihigh,float64,0.8805090006207325,385,16.175243311665973,4.946922973580111,7.0531804445,36.407398003
v129_race_hispanic,float64,0.9189944134078212,260,5.755035815924521,1.7621028782509027,2.559371466,15.114873035
v129_race_hispanic_cilow,float64,0.9189944134078212,261,4.2337910531103455,1.2128461505743044,1.8395602448,9.7815488802
v129_race_hispanic_cihigh,float64,0.9189944134078212,261,7.67795909440613,2.7267426201892455,3.3746312435,22.312534279
v129_race_white,float64,0.7486033519553073,808,5.134075212262593,1.7283804256782946,1.5956916326,13.956734124
v129_race_white_cilow,float64,0.7486033519553073,808,3.6285528814827157,1.1352566978618057,1.0970430802,8.5251357888
v129_race_white_cihigh,float64,0.7486033519553073,808,7.0791232477224675,2.660329757217084,1.9859763632,21.555043896
v129_race_nhopi,float64,0.9984481688392303,5,10.66604659662,5.74486895632461,5.3027500308,20.283975659
v129_race_nhopi_cilow,float64,0.9984481688392303,5,7.18664667928,4.240978181714099,3.8376264906,14.491169595
v129_race_nhopi_cihigh,float64,0.9984481688392303,5,15.272382347599997,7.648993581943049,7.142769492,27.62101773
v129_race_tom,float64,0.9882060831781502,38,11.720385735839473,8.518909316690422,4.4435040203,58.823529412
v129_race_tom_cilow,float64,0.9882060831781502,38,7.971753088992105,5.150643963525806,2.7505990233,35.930939957
v129_race_tom_cihigh,float64,0.9882060831781502,38,16.68871400175526,13.375905864948049,6.7923679084,90.848170302
v144_rawvalue,float64,0.024208566108007448,135,0.13651367684478372,0.023523368008726255,0.077,0.249
v144_numerator,float64,1.0,0,,,,
v144_denominator,float64,1.0,0,,,,
v144_cilow,float64,0.024208566108007448,126,0.12146055979643766,0.021284126342790526,0.068,0.227
v144_cihigh,float64,0.024208566108007448,144,0.15262595419847327,0.025887739007220217,0.087,0.274
v060_rawvalue,float64,0.024208566108007448,138,0.1113190203562341,0.023078522620779734,0.06,0.215
v060_numerator,float64,1.0,0,,,,
v060_denominator,float64,1.0,0,,,,
v060_cilow,float64,0.024208566108007448,129,0.09672614503816793,0.020744857114090135,0.051,0.196
v060_cihigh,float64,0.024208566108007448,152,0.12709637404580154,0.025533280103226443,0.07,0.24
v061_rawvalue,float64,0.1669770328988206,1852,201.01005961251863,218.44495903968826,0.0,3199.7
v061_numerator,float64,0.1669770328988206,607,396.2328614008942,2033.2143775264099,0.0,50991.0
v061_denominator,float64,1.0,0,,,,
v061_cilow,float64,1.0,0,,,,
v061_cihigh,float64,1.0,0,,,,
v011_rawvalue,float64,0.024208566108007448,272,0.3790769720101781,0.046471779307027145,0.177,0.53
v011_numerator,float64,1.0,0,,,,
v011_denominator,float64,1.0,0,,,,
v011_cilow,float64,0.024208566108007448,240,0.31066507633587787,0.04112945783817554,0.142,0.452
v011_cihigh,float64,0.024208566108007448,307,0.450873727735369,0.05420014778299079,0.214,0.61
v145_rawvalue,float64,0.024208566108007448,134,0.18680534351145037,0.02286835758484599,0.12,0.267
v145_numerator,float64,1.0,0,,,,
v145_denominator,float64,1.0,0,,,,
v145_cilow,float64,0.024208566108007448,123,0.16873505089058521,0.021110200508476177,0.108,0.245
v145_cihigh,float64,0.024208566108007448,142,0.20587022900763358,0.024734678976638266,0.133,0.289
v161_rawvalue,float64,0.24270639354438237,2440,19.420992297041188,7.933555545044517,5.4045564995,106.80585626
v161_numerator,float64,0.24270639354438237,386,95.89303278688524,213.60464862192876,10.0,4364.0
v161_denominator,float64,0.24270639354438237,2434,660193.3676229508,1861673.502956433,18286.0,49638353.0
v161_cilow,float64,0.24270639354438237,2440,13.081503712358238,5.235712340118288,3.3650705672,76.3036696
v161_cihigh,float64,0.24270639354438237,2440,28.190200874040737,13.482070999908666,5.9521311846,145.43926196
v161_other_data_1,float64,0.24270639354438237,2438,19.644413478500898,7.870580684179345,5.4844024021,105.81247144
v161_race_aian,float64,0.9813780260707635,60,49.235962305983335,26.296804515649043,11.313227019,109.35014252
v161_race_aian_cilow,float64,0.9813780260707635,60,29.474631562621667,16.3701575389755,5.173127791,78.47155021
v161_race_aian_cihigh,float64,0.9813780260707635,60,78.12038475091667,43.56178358574461,18.654483806,184.27139355
v161_race_asian,float64,0.9602731222842955,128,8.089360374675781,3.1038425572868915,2.8265171073,22.598681149
v161_race_asian_cilow,float64,0.9602731222842955,128,4.9263779734101565,1.6627094584081334,1.9456443203,11.677068319
v161_race_asian_cihigh,float64,0.9602731222842955,128,12.69331044541328,5.910017775008556,3.9694809065,39.475348073
v161_race_black,float64,0.904096834264432,309,9.51525492564466,4.17508662848887,3.4588535381,33.451233628
v161_race_black_cilow,float64,0.904096834264432,309,6.002486169202589,2.5648507244218104,1.7008672717,20.432882539
v161_race_black_cihigh,float64,0.904096834264432,309,14.545704036811326,7.33184953311893,4.5809595497,51.662717281
v161_race_hispanic,float64,0.8954065797641216,337,10.352854900742434,6.351248341696801,2.7820806366,49.577145436
v161_race_hispanic_cilow,float64,0.8954065797641216,337,6.475037291183679,3.7058445452132016,1.4304590545,27.02514676
v161_race_hispanic_cihigh,float64,0.8954065797641216,337,15.947774310282492,10.97301371834221,3.948941391,84.778428579
v161_race_white,float64,0.2849162011173184,2304,21.796698220048786,8.04748990280115,6.4018727693,110.44468041
v161_race_white_cilow,float64,0.2849162011173184,2304,14.417122401246095,5.094736907787998,3.0699468312,57.068378021
v161_race_white_cihigh,float64,0.2849162011173184,2304,32.136414261233945,14.657951323210975,8.1203752087,192.92463013
v161_race_nhopi,float64,0.9978274363749224,7,15.201452048857144,2.5533159533086387,11.683778549,19.49939947
v161_race_nhopi_cilow,float64,0.9978274363749224,7,8.936810951328571,1.1744128704099577,7.4655057611,10.913665861
v161_race_nhopi_cihigh,float64,0.9978274363749224,7,24.265756780857142,5.183255682945693,15.362011045,32.16129405
v183_rawvalue,float64,0.24984481688392302,139,0.3422643773272652,0.024388702320217604,0.265,0.476
v183_numerator,float64,1.0,0,,,,
v183_denominator,float64,1.0,0,,,,
v183_cilow,float64,0.24984481688392302,134,0.29483905668183696,0.023375218179465126,0.233,0.426
v183_cihigh,float64,0.24984481688392302,154,0.3919582126603227,0.026522300839806626,0.292,0.526
v083_rawvalue,float64,0.03786468032278088,3095,0.08545079194381566,0.07424508403183888,0.0,0.6259991773
v083_numerator,float64,0.03786468032278088,3095,6025.977870672619,14249.431589201124,0.0,236350.972
v083_denominator,float64,0.027622594661700806,3081,97402.42738589212,312403.66060989926,82.0,9818605.0
v083_cilow,float64,1.0,0,,,,
v083_cihigh,float64,1.0,0,,,,
v139_rawvalue,float64,0.024208566108007448,194,0.1440607506361323,0.034725693855615,0.058,0.288
v139_numerator,float64,0.024208566108007448,1522,13567.318702290077,43281.81959708896,10.0,1314070.0
v139_denominator,float64,1.0,0,,,,
v139_cilow,float64,1.0,0,,,,
v139_cihigh,float64,1.0,0,,,,
v143_rawvalue,float64,0.024208566108007448,219,0.37307379134860047,0.040569846757493956,0.247,0.51
v143_numerator,float64,1.0,0,,,,
v143_denominator,float64,1.0,0,,,,
v143_cilow,float64,0.024208566108007448,200,0.3115779262086514,0.03766431139095109,0.204,0.45
v143_cihigh,float64,0.024208566108007448,247,0.4375906488549618,0.045398935756532345,0.283,0.585
v014_rawvalue,float64,0.09962756052141528,2880,21.95689077067663,11.235117602678088,1.4590831399,95.238095238
v014_numerator,float64,0.09962756052141528,839,388.9875904860393,1111.1589379396596,10.0,25272.0
v014_denominator,float64,0.09962756052141528,2695,24870.77697345743,75150.40074559608,272.0,2120279.0
v014_cilow,float64,0.09962756052141528,2896,17.97609732259717,9.628969248991273,0.9132480814,69.726255505
v014_cihigh,float64,0.09962756052141528,2896,26.603598922256257,13.55756252329357,1.7381713311,127.03427269
v014_race_aian,float64,0.9220980757293606,249,37.44404222574781,21.200219483498245,8.2226438963,134.375
v014_race_aian_cilow,float64,0.9220980757293606,251,25.507265087340638,15.925610080077647,4.2337396818,97.247853787
v014_race_aian_cihigh,float64,0.9220980757293606,251,53.7738880748247,30.618995508125398,14.060971485,187.65669431
v014_race_asian,float64,0.9500310366232154,161,6.658074778441615,9.747495501342533,0.2705233587,77.922077922
v014_race_asian_cilow,float64,0.9500310366232154,161,4.262573570647206,6.026896594112474,0.1440422951,46.18156182
v014_race_asian_cihigh,float64,0.9500310366232154,161,10.033921053108697,15.342554794059813,0.4626031821,123.15047735
v014_race_black,float64,0.6353196772191185,1157,29.40052538462715,14.312323781784249,3.2143740213,111.11111111
v014_race_black_cilow,float64,0.6353196772191185,1171,21.92412990950213,11.28264502374849,1.7874662018,76.204230511
v014_race_black_cihigh,float64,0.6353196772191185,1171,39.13765012524383,20.55305649703521,4.3941551031,204.33728936
v014_race_hispanic,float64,0.5186219739292365,1511,32.6515268115412,17.702871792316632,4.4282777163,196.28099174
v014_race_hispanic_cilow,float64,0.5186219739292365,1539,23.92196438630535,13.595328731387928,2.4355920095,158.80304352
v014_race_hispanic_cihigh,float64,0.5186219739292365,1539,44.225799554245775,25.64203198197419,6.4000942501,313.19494829
v014_race_white,float64,0.15890751086281812,2676,18.868760306116165,11.061622841945372,0.656167979,98.993288591
v014_race_white_cilow,float64,0.15890751086281812,2708,14.64303979252808,8.94595325350056,0.3744653824,75.3582779
v014_race_white_cihigh,float64,0.15890751086281812,2708,24.039891975038742,14.19704757011764,0.8202582541,127.6941298
v014_race_nhopi,float64,0.9826194909993793,56,51.78239413317679,48.74007555950734,6.7300079177,214.95327103
v014_race_nhopi_cilow,float64,0.9826194909993793,56,32.5923478191625,30.430345250316623,3.9027436867,136.26193493
v014_race_nhopi_cihigh,float64,0.9826194909993793,56,78.97290387341071,76.15598047070864,10.775394622,322.53544762
v014_race_tom,float64,0.7222222222222222,869,27.596712518179217,18.947310958881065,1.2874983906,157.14285714
v014_race_tom_cilow,float64,0.7222222222222222,885,17.418045419188267,11.225293519877745,0.8686697576,78.445148103
v014_race_tom_cihigh,float64,0.7222222222222222,885,42.08342965121754,31.767534290723507,1.837984009,281.17197876
v045_rawvalue,float64,0.061762880198634386,2394,383.5985444922262,293.32870412051017,0.0,3687.6
v045_numerator,float64,0.061762880198634386,874,540.1955011577903,2079.671920673291,0.0,57209.0
v045_denominator,float64,1.0,0,,,,
v045_cilow,float64,1.0,0,,,,
v045_cihigh,float64,1.0,0,,,,
v049_rawvalue,float64,0.024208566108007448,3144,0.19874843807547707,0.02988609075549731,0.0938926465,0.288708657
v049_numerator,float64,1.0,0,,,,
v049_denominator,float64,1.0,0,,,,
v049_cilow,float64,0.024208566108007448,3144,0.1615432826553435,0.026613178493822214,0.0787561144,0.2518022488
v049_cihigh,float64,0.024208566108007448,3144,0.24002012810890586,0.033702771964295775,0.1105481857,0.3317422624
v134_rawvalue,float64,0.035071384233395404,872,0.27438660496616274,0.1528614894977051,0.0,1.0
v134_numerator,float64,0.035071384233395404,151,16.379543261498874,36.682961771745035,0.0,752.0
v134_denominator,float64,0.035071384233395404,322,62.85300739787713,153.43589942731708,1.0,3751.0
v134_cilow,float64,0.043761638733705775,1290,0.17242174564530993,0.12150941311051042,0.0,0.7823774734
v134_cihigh,float64,0.043761638733705775,1312,0.3922406743904577,0.13982506724941565,0.0838343102,0.9054820756
v138_rawvalue,float64,0.3761638733705773,2009,32.80683518723915,19.12658733962773,5.1009217366,180.69227729
v138_numerator,float64,0.3761638733705773,434,150.3592039800995,377.5496134675949,10.0,6783.0
v138_denominator,float64,0.3761638733705773,2003,478259.3154228856,1218703.9369674365,11622.0,29493728.0
v138_cilow,float64,0.3761638733705773,2010,24.29092170280015,16.275716098479528,2.4460902435,146.36132473
v138_cihigh,float64,0.3761638733705773,2010,43.93650506469249,24.07415229127164,6.2541948296,220.65619718
v138_race_aian,float64,0.9695841092489137,98,113.16982624074488,82.43926666456909,21.700447029,485.65121413
v138_race_aian_cilow,float64,0.9695841092489137,98,68.03058192977552,56.10473042584162,10.406207838,399.11699779
v138_race_aian_cihigh,float64,0.9695841092489137,98,179.07235773832653,125.23399315338719,36.753740994,636.84262967
v138_race_asian,float64,0.9807572936064556,62,6.355560786974194,3.425079930683423,1.6979225917,21.554821095
v138_race_asian_cilow,float64,0.9807572936064556,62,3.866992992153226,1.9088994271762931,0.8142198803,11.137690596
v138_race_asian_cihigh,float64,0.9807572936064556,62,9.96758259825484,6.09872705940616,3.1225400993,37.651934632
v138_race_black,float64,0.8389199255121043,519,53.68621651515626,39.3774069108565,7.4219764723,315.27658355
v138_race_black_cilow,float64,0.8389199255121043,519,37.30037840451445,27.760761268856516,3.5591262078,225.19972347
v138_race_black_cihigh,float64,0.8389199255121043,519,76.10899449855877,60.22825997458452,12.53967852,564.11689634
v138_race_hispanic,float64,0.8845437616387337,372,25.67177456391264,16.22794592231176,4.244858897,125.35922514
v138_race_hispanic_cilow,float64,0.8845437616387337,372,17.97095912542231,12.701962105447542,2.1190182673,101.49433509
v138_race_hispanic_cihigh,float64,0.8845437616387337,372,36.111804295484944,22.361115075360683,6.0475714226,149.22411518
v138_race_white,float64,0.42178770949720673,1861,36.14397842162174,20.671369696757303,6.7879446104,199.54586114
v138_race_white_cilow,float64,0.42178770949720673,1863,26.359676431362644,17.26588228087918,3.3885174927,158.90615052
v138_race_white_cihigh,float64,0.42178770949720673,1863,49.005214995413844,26.491020960553662,10.816554521,286.58114249
v138_race_nhopi,float64,0.9978274363749224,7,37.145796557,34.732059714271536,18.111676598,114.38078403
v138_race_nhopi_cilow,float64,0.9978274363749224,7,20.009369974342857,17.020163741419402,8.6852529226,57.098475275
v138_race_nhopi_cihigh,float64,0.9978274363749224,7,63.43237785857143,63.20243504904263,26.512518961,204.65881786
v009_rawvalue,float64,0.024208566108007448,224,0.1795737913486005,0.03884876442188276,0.059,0.383
v009_numerator,float64,1.0,0,,,,
v009_denominator,float64,1.0,0,,,,
v009_cilow,float64,0.024208566108007448,207,0.15817907124681935,0.03509096484618904,0.051,0.347
v009_cihigh,float64,0.024208566108007448,241,0.20235750636132316,0.042725749980245434,0.068,0.419
v070_rawvalue,float64,0.024208566108007448,281,0.2638225190839695,0.05210618079960488,0.118,0.473
v070_numerator,float64,1.0,0,,,,
v070_denominator,float64,1.0,0,,,,
v070_cilow,float64,0.024208566108007448,262,0.2249697837150127,0.046543709949619406,0.097,0.438
v070_cihigh,float64,0.024208566108007448,306,0.3053368320610687,0.057877679100838963,0.139,0.521
v003_rawvalue,float64,0.02451893234016139,3137,0.12331281565424752,0.05618471031450717,0.0248130523,0.4073179151
v003_numerator,float64,0.02451893234016139,2427,7075.136493795737,28335.92039213248,1.0,778205.0
v003_denominator,float64,0.02451893234016139,3033,62952.09131403118,205629.8539160473,31.0,6165392.0
v003_cilow,float64,0.02451893234016139,3142,0.10357799122099905,0.049602015434818084,0.0176641162,0.3790226192
v003_cihigh,float64,0.02451893234016139,3142,0.1430476400867006,0.06299762165646618,0.0306851489,0.4537860002
v122_rawvalue,float64,0.02451893234016139,3123,0.0585928467918231,0.029874164631171825,0.0,0.4122295535
v122_numerator,float64,0.02451893234016139,1371,1210.9850461342667,4804.022548334552,0.0,153795.0
v122_denominator,float64,0.02451893234016139,2887,23846.716512885778,74589.1091284525,14.0,2050082.0
v122_cilow,float64,0.02451893234016139,3136,0.039765571048234166,0.02205186570069981,0.0,0.3443146599
v122_cihigh,float64,0.02451893234016139,3136,0.07742012253490296,0.03802256300108725,0.0,0.4821501915
v131_rawvalue,float64,0.02824332712600869,3048,0.0011419633033854998,0.0008122354018981108,0.0,0.0192049272
v131_numerator,float64,0.024208566108007448,543,149.05947837150129,471.15764779248974,0.0,9138.0
v131_denominator,float64,0.024208566108007448,3084,106525.09382951654,332571.66297843854,43.0,9663345.0
v131_cilow,float64,1.0,0,,,,
v131_cihigh,float64,1.0,0,,,,
v131_other_data_1,float64,0.02824332712600869,3102,1229.5356304878744,1197.349236551507,-3709.0,18127.0
v156_rawvalue,float64,0.03662321539416512,3104,46.58686247240638,80.86201133044801,0.0003315322,1753.9345094
v156_numerator,float64,1.0,0,,,,
v156_denominator,float64,1.0,0,,,,
v156_cilow,float64,1.0,0,,,,
v156_cihigh,float64,1.0,0,,,,
v153_rawvalue,float64,0.024208566108007448,3141,0.7299707923299299,0.08620018683592107,0.0,0.9738527215
v153_numerator,float64,0.024208566108007448,2953,26365.15171755725,69342.68172380287,0.0,1562207.0
v153_denominator,float64,0.024208566108007448,2984,40547.98505089059,122958.12809433165,17.0,3390254.0
v153_cilow,float64,0.024208566108007448,3142,0.6972345676581426,0.08907196571319383,0.0,0.9321287377
v153_cihigh,float64,0.024208566108007448,3137,0.7628067111902991,0.08866423765417142,0.2082601377,1.0
v154_rawvalue,float64,0.0260707635009311,3126,0.11107620881456343,0.03555204788004623,0.0135501355,0.3683035714
v154_numerator,float64,0.0260707635009311,2180,5800.268005098789,23240.911725397866,6.0,792202.0
v154_denominator,float64,0.0260707635009311,2992,39424.08094327597,119688.55087674542,136.0,3285584.0
v154_cilow,float64,0.0260707635009311,3034,0.07988288115073457,0.04000598905768175,0.0,0.3032585982
v154_cihigh,float64,0.0260707635009311,3138,0.14407957377007646,0.044893665167551576,0.0509729946,0.7107804973
v179_rawvalue,float64,0.11669770328988206,2806,0.2633493591995081,0.23919344257023256,0.0,1.0
v179_numerator,float64,0.11669770328988206,2521,59293.4873506676,266684.2461691862,0.0,8156805.0
v179_denominator,float64,0.024208566108007448,3086,105422.79930025445,335456.3711255352,64.0,10014009.0
v179_cilow,float64,1.0,0,,,,
v179_cihigh,float64,1.0,0,,,,
v182_rawvalue,float64,0.027001862197392923,4,1.221371610845295,1.026510141314366,0.0,3.0
v182_numerator,float64,1.0,0,,,,
v182_denominator,float64,1.0,0,,,,
v182_cilow,float64,1.0,0,,,,
v182_cihigh,float64,1.0,0,,,,
v182_other_data_1,float64,0.028864059590316574,232,76.89549376797699,56.374651105192115,2.0,261.0
v182_other_data_2,float64,0.03786468032278088,661,209.37645161290322,190.51230306439246,0.0,1002.0
v182_other_data_3,float64,0.027001862197392923,18,2.243700159489633,2.6808434960063865,0.0,18.0
v178_rawvalue,float64,0.027932960893854747,542,0.5805609833971903,0.12174481712065996,0.012,0.923
v178_numerator,float64,1.0,0,,,,
v178_denominator,float64,1.0,0,,,,
v178_cilow,float64,1.0,0,,,,
v178_cihigh,float64,1.0,0,,,,
v177_rawvalue,float64,0.03662321539416512,3097,0.6565933063066366,0.10059024235065203,0.1942295887,1.0
v177_numerator,float64,0.03662321539416512,3004,50308.7193943299,149922.4521437475,66.0,4264365.0
v177_denominator,float64,0.036312849162011177,2757,74168.28180354268,220790.91481998356,90.0,6367650.0
v177_cilow,float64,1.0,0,,,,
v177_cihigh,float64,1.0,0,,,,
v021_rawvalue,float64,0.22749844816883924,1607,0.8819060347794296,0.06917601028895491,0.225,0.995
v021_numerator,float64,0.22749844816883924,2324,1293.0562053033348,3925.1096481045906,25.875,99276.495
v021_denominator,float64,0.22749844816883924,1274,1490.6761751707513,4564.590187429638,61.0,115130.0
v021_cilow,float64,1.0,0,,,,
v021_cihigh,float64,1.0,0,,,,
v159_rawvalue,float64,0.1980136561142148,2582,3.0041940499226003,0.2739707409243616,1.037835,4.07556
v159_numerator,float64,1.0,0,,,,
v159_denominator,float64,1.0,0,,,,
v159_cilow,float64,1.0,0,,,,
v159_cihigh,float64,1.0,0,,,,
v159_race_aian,float64,0.9189944134078212,261,2.6627590344827583,0.4056226156464741,1.069089,4.061896
v159_race_asian,float64,0.8662321539416511,431,3.35862090487239,0.4023772868024489,1.838175,4.196995
v159_race_black,float64,0.6682184978274364,1069,2.577890640785781,0.28599659939812605,1.634402,3.641907
v159_race_hispanic,float64,0.6452513966480447,1143,2.731062360454943,0.27485355467574174,1.378307,3.72183
v159_race_white,float64,0.2256362507759156,2492,3.1586917106212424,0.24473959997876246,2.190075,4.018658
v160_rawvalue,float64,0.10459342023587834,2883,2.987234902253033,0.32698440856346334,1.32773,4.127064
v160_numerator,float64,1.0,0,,,,
v160_denominator,float64,1.0,0,,,,
v160_cilow,float64,1.0,0,,,,
v160_cihigh,float64,1.0,0,,,,
v160_race_aian,float64,0.9140285536933581,277,2.630899332129964,0.4371193528045388,1.13726,4.001935
v160_race_asian,float64,0.8438857852265673,503,3.543799836978131,0.5031525038892732,1.742386,5.888242
v160_race_black,float64,0.6343885785226567,1178,2.518108785229202,0.33212631437567336,1.20232,3.619483
v160_race_hispanic,float64,0.5630043451272502,1407,2.7483724154829545,0.3073255096402423,1.650954,3.747968
v160_race_white,float64,0.14369956548727497,2756,3.149170083001087,0.30972982374333186,1.89343,4.56985
v167_rawvalue,float64,0.09031657355679702,2931,0.08237042302886387,0.07527193769860406,0.0003683507,0.6381542855
v167_numerator,float64,1.0,0,,,,
v167_denominator,float64,1.0,0,,,,
v167_cilow,float64,1.0,0,,,,
v167_cihigh,float64,1.0,0,,,,
v169_rawvalue,float64,0.05493482309124767,3045,-507.99485988762484,6781.950922083984,-46776.99,35429.37
v169_numerator,float64,1.0,0,,,,
v169_denominator,float64,1.0,0,,,,
v169_cilow,float64,1.0,0,,,,
v169_cihigh,float64,1.0,0,,,,
v065_rawvalue,float64,0.09683426443202979,2806,0.5672255523896906,0.20511487528924524,0.0099557522,1.0
v065_numerator,float64,0.09683426443202979,2420,8467.370103092784,30612.012474274354,3.0,879615.0
v065_denominator,float64,0.09683426443202979,2577,15506.04501718213,48642.54739863406,22.0,1302490.0
v065_cilow,float64,1.0,0,,,,
v065_cihigh,float64,1.0,0,,,,
v151_rawvalue,float64,0.027001862197392923,3135,0.7869155019258692,0.10227434913614582,0.3787976729,1.8688499098
v151_numerator,float64,0.027001862197392923,2885,45478.688357256775,8768.874895003704,24621.0,106790.0
v151_denominator,float64,0.027001862197392923,2946,58237.361084529504,10940.23307993992,25708.0,143953.0
v151_cilow,float64,0.027001862197392923,3133,0.6634095591225518,0.12629918793239978,0.0,1.2924948193
v151_cihigh,float64,0.027001862197392923,3135,0.9104837834092824,0.169260980467259,0.4659684079,3.8032011327
v063_rawvalue,float64,0.02451893234016139,3033,65561.64142538975,16543.495767050747,28579.0,173655.0
v063_numerator,float64,1.0,0,,,,
v063_denominator,float64,1.0,0,,,,
v063_cilow,float64,0.02451893234016139,3140,58629.17495143844,16245.128992841253,25304.787234,165390.82979
v063_cihigh,float64,0.02451893234016139,3140,72494.10789936176,17124.15490771031,31853.212766,181919.17021
v063_race_aian,float64,0.5946617008069522,1194,65470.88131699847,32987.38002997271,6360.0,230833.0
v063_race_aian_cilow,float64,0.5946617008069522,1306,38571.332133185424,26984.367925588605,19.276595745,200189.17021
v063_race_aian_cihigh,float64,0.5946617008069522,1306,92370.43050082112,52379.64480935969,6865.1914894,388768.80851
v063_race_asian,float64,0.5934202358783365,1261,92997.39694656488,38274.61565680018,4189.0,249138.0
v063_race_asian_cilow,float64,0.5934202358783365,1310,60245.00155922461,38247.78316940822,83.29787234,227878.08511
v063_race_asian_cihigh,float64,0.5934202358783365,1310,125749.79233397152,56530.6025655408,6608.9148936,456834.34043
v063_race_black,float64,0.4515828677839851,1723,52203.93152235427,26274.605155844583,6393.0,226923.0
v063_race_black_cilow,float64,0.4515828677839851,1767,34877.72814845228,21134.509725864984,87.510638298,150923.40426
v063_race_black_cihigh,float64,0.4515828677839851,1767,69530.13489619734,41279.95726702657,6729.0,395778.91489
v063_race_hispanic,float64,0.2569832402234637,2222,64345.75981620719,22266.929232149236,6369.0,247500.0
v063_race_hispanic_cilow,float64,0.2569832402234637,2392,42227.55401802012,21899.95778574145,35.829787234,154322.02128
v063_race_hispanic_cihigh,float64,0.2569832402234637,2394,86463.96561443435,34760.29527783403,6886.106383,359918.21277
v063_race_white,float64,0.025760397268777158,3001,70782.2239566741,18581.64823534199,30000.0,185488.0
v063_race_white_cilow,float64,0.025760397268777158,3139,63337.70428989006,19592.961037075125,3829.5744681,180881.70213
v063_race_white_cihigh,float64,0.025760397268777158,3138,78226.7436234613,19982.045209949007,35718.191489,278670.42553
v170_rawvalue,float64,1.0,0,,,,
v170_numerator,float64,1.0,0,,,,
v170_denominator,float64,1.0,0,,,,
v170_cilow,float64,1.0,0,,,,
v170_cihigh,float64,1.0,0,,,,
v172_rawvalue,float64,0.07417752948479206,2607,8.019997490342073,6.574906057804677,0.2544714265,142.85714286
v172_numerator,float64,0.07417752948479206,291,43.74756956084479,131.13364622524256,1.0,3512.0
v172_denominator,float64,0.027622594661700806,2356,6141.203638684967,20257.375833783648,1.0,570367.0
v172_cilow,float64,1.0,0,,,,
v172_cihigh,float64,1.0,0,,,,
v141_rawvalue,float64,0.35940409683426444,2064,49.51250737493387,16.630777382565995,1.4381834787,92.423818843
v141_numerator,float64,1.0,0,,,,
v141_denominator,float64,1.0,0,,,,
v141_cilow,float64,1.0,0,,,,
v141_cihigh,float64,1.0,0,,,,
v015_rawvalue,float64,0.5577281191806331,1425,8.13776380925586,6.9739823678687864,0.657629879,57.439667835
v015_numerator,float64,0.5577281191806331,280,101.5459649122807,303.60439040022743,10.0,5917.0
v015_denominator,float64,0.5577281191806331,1424,1461014.2750877193,3309809.7612579004,28996.0,69939775.0
v015_cilow,float64,0.5577281191806331,1425,5.662806454114316,5.457609927309302,0.3382501911,47.600080096
v015_cihigh,float64,0.5577281191806331,1425,11.531527612279719,9.480997954074827,0.9867677118,72.571564765
v015_race_aian,float64,0.9882060831781502,38,25.221025232736842,10.740984804162526,7.579834608,48.652330447
v015_race_aian_cilow,float64,0.9882060831781502,38,15.871958241960526,7.485314929512668,3.6348253198,31.485223018
v015_race_aian_cihigh,float64,0.9882060831781502,38,38.55523516644737,16.799453307449692,13.939585718,82.497559851
v015_race_asian,float64,0.9866542520173806,43,2.744048296451163,2.300889841409226,0.6934419305,12.845112033
v015_race_asian_cilow,float64,0.9866542520173806,43,1.6390770805046513,1.2628193888235117,0.3461637133,7.3420913879
v015_race_asian_cihigh,float64,0.9866542520173806,43,4.352521034072092,3.9290341232016113,1.2407591622,20.859657194
v015_race_black,float64,0.7892613283674736,679,27.34529638948498,13.216458062339184,3.5414168703,100.30885403
v015_race_black_cilow,float64,0.7892613283674736,679,19.359469732320324,11.365971510267448,2.1921928595,93.926774171
v015_race_black_cihigh,float64,0.7892613283674736,679,38.14257782398365,17.57813027771987,5.4134318749,107.9879979
v015_race_hispanic,float64,0.9106145251396648,288,7.144874905390972,3.946207570516205,1.5311239215,24.047515573
v015_race_hispanic_cilow,float64,0.9106145251396648,288,4.848323285862847,2.9608851830405145,0.8370796957,19.153711922
v015_race_hispanic_cihigh,float64,0.9106145251396648,288,10.317866895147917,5.855283464807814,2.5689657719,38.076665362
v015_race_white,float64,0.6958410924891372,980,4.265349354714287,2.7407389046199047,0.4482789958,18.203567899
v015_race_white_cilow,float64,0.6958410924891372,980,2.627445520235204,1.6800020211978135,0.2237792596,11.729577511
v015_race_white_cihigh,float64,0.6958410924891372,980,6.623736586625307,4.516052667176623,0.8020949509,33.067258909
v015_race_nhopi,float64,0.9978274363749224,7,13.366535697457143,7.205627082436957,5.4384163332,28.108639893
v015_race_nhopi_cilow,float64,0.9978274363749224,7,7.497442549657143,4.080084776779531,3.7662614062,16.06651638
v015_race_nhopi_cihigh,float64,0.9978274363749224,7,22.053389698228575,11.829611440632629,7.5996417196,45.646670176
v039_rawvalue,float64,0.16076970825574177,2701,20.017682203996007,10.044193922469988,2.7134158858,89.99143455
v039_numerator,float64,0.16076970825574177,407,103.97633136094674,251.4584116169543,10.0,6611.0
v039_denominator,float64,0.16076970825574177,2696,844957.6863905325,2490407.00538864,13513.0,69939775.0
v039_cilow,float64,0.16076970825574177,2704,14.079984963042456,6.850608690065649,1.7991716189,71.677675291
v039_cihigh,float64,0.16076970825574177,2704,27.917428217395194,15.572137688463956,3.0164538755,141.11011266
v039_race_aian,float64,0.9689633767846059,100,51.235450709119995,27.476042158049257,10.392358782,132.86093888
v039_race_aian_cilow,float64,0.9689633767846059,100,31.735376333911002,18.99312464391285,5.1878280605,95.039229861
v039_race_aian_cihigh,float64,0.9689633767846059,100,79.41065550449001,43.008575589940634,18.594800527,219.37678685
v039_race_asian,float64,0.9649286157666046,113,5.904050695930973,3.5910240296267744,1.3611988895,22.03260826
v039_race_asian_cilow,float64,0.9649286157666046,113,3.6398593176309735,2.1827278081556334,0.8314556447,13.350965809
v039_race_asian_cihigh,float64,0.9649286157666046,113,9.169753419155752,6.013295995419421,2.102261285,39.422422211
v039_race_black,float64,0.7725015518311608,733,23.525660456663438,12.139382721944775,2.9281851334,70.081995935
v039_race_black_cilow,float64,0.7725015518311608,733,15.249221876649932,7.568897674070807,1.5591352599,47.955169826
v039_race_black_cihigh,float64,0.7725015518311608,733,35.1631327649307,20.131935082332454,5.0072857567,128.88328574
v039_race_hispanic,float64,0.8314711359404097,543,15.532763217865378,9.922376305152339,2.4981076834,104.05827263
v039_race_hispanic_cilow,float64,0.8314711359404097,543,9.966666623918048,5.651533666141643,1.1979397347,49.899986432
v039_race_hispanic_cihigh,float64,0.8314711359404097,543,23.443351761768323,17.204221842982495,4.0529590146,191.36686828
v039_race_white,float64,0.21849782743637491,2516,19.934133170011915,9.878606754314252,1.6118848158,95.024187975
v039_race_white_cilow,float64,0.21849782743637491,2518,13.562755558963701,6.300237717468257,1.0795045587,47.435732267
v039_race_white_cihigh,float64,0.21849782743637491,2518,28.58031366268836,16.05432022051198,2.3149354712,170.02452067
v039_race_nhopi,float64,0.9965859714463067,11,13.453508141472726,3.5733669885931896,7.1979039704,19.39901841
v039_race_nhopi_cilow,float64,0.9965859714463067,11,7.643824681790909,1.820539159052979,4.1784781779,9.776034435
v039_race_nhopi_cihigh,float64,0.9965859714463067,11,22.046006077354544,6.732846931622951,9.6313618269,35.675485542
v148_rawvalue,float64,0.28429546865301053,2303,17.779662774842542,8.462466884634765,1.8592800198,79.459203036
v148_numerator,float64,0.28429546865301053,356,94.4206418039896,244.7625862636457,10.0,4683.0
v148_denominator,float64,0.28429546865301053,2301,701555.1708586296,1912822.3129467245,18286.0,49638353.0
v148_cilow,float64,0.28429546865301053,2306,12.21180380598777,6.1514643621868865,1.5565469066,61.579790945
v148_cihigh,float64,0.28429546865301053,2306,25.366014864675584,12.98051811422973,2.1568267926,114.63187711
v148_race_aian,float64,0.9851024208566108,48,33.06451299635416,13.924424535189836,10.743908204,65.907413266
v148_race_aian_cilow,float64,0.9851024208566108,48,19.47961854829167,8.442379573167587,5.1521215954,42.651802826
v148_race_aian_cihigh,float64,0.9851024208566108,48,53.0113780473125,23.71294015025753,19.758429716,117.13602575
v148_race_asian,float64,0.9810676598386096,61,4.863756750844263,3.583697552689336,0.6723038324,18.440998027
v148_race_asian_cilow,float64,0.9810676598386096,61,2.823336425677049,1.8290072742554844,0.3356116509,8.8431753483
v148_race_asian_cihigh,float64,0.9810676598386096,61,7.9015483745311474,6.510978843660188,1.0906399613,33.913651948
v148_race_black,float64,0.8004345127250155,643,32.174969859621925,15.047562486325646,2.793075036,106.49772876
v148_race_black_cilow,float64,0.8004345127250155,643,22.28623563896392,12.399175012690998,1.4432226287,98.613895903
v148_race_black_cihigh,float64,0.8004345127250155,643,45.71838657572986,21.141821858924644,4.8789399927,139.4367178
v148_race_hispanic,float64,0.9006828057107387,320,10.585154827053751,6.152896871148169,1.5340822994,37.439161363
v148_race_hispanic_cilow,float64,0.9006828057107387,320,6.949259853620314,4.171605145609118,1.0175769094,25.775776772
v148_race_hispanic_cihigh,float64,0.9006828057107387,320,15.702656866314062,9.875057143168272,2.0281381561,66.989001441
v148_race_white,float64,0.34202358783364367,2118,17.77047908154868,8.361663610058482,0.7219467535,80.80511276
v148_race_white_cilow,float64,0.34202358783364367,2120,11.729350442938445,5.36096179228822,0.4757674597,45.245844921
v148_race_white_cihigh,float64,0.34202358783364367,2120,26.160259389876984,13.881782242053552,1.0503946227,145.29790663
v148_race_nhopi,float64,0.9972067039106145,9,18.202573581455553,7.5472933843754415,4.4557124461,30.784531957
v148_race_nhopi_cilow,float64,0.9972067039106145,9,9.96065244478889,4.109968137860973,2.7216649183,16.391466743
v148_race_nhopi_cihigh,float64,0.9972067039106145,9,30.58660486934444,13.031780652665562,6.8814864931,52.642487196
v149_rawvalue,float64,0.6421477343265053,1151,0.09145062526400695,0.05587727073993174,0.0164448908,0.6338797814
v149_numerator,float64,0.6421477343265053,751,910.2263660017346,1879.9185071909978,48.0,33348.0
v149_denominator,float64,0.6421477343265053,1104,13236.302688638334,26378.76758127803,130.0,487443.0
v149_cilow,float64,0.6421477343265053,1153,0.0492656423452732,0.029413285334746013,0.0058572465,0.3481668686
v149_cihigh,float64,0.6421477343265053,1153,0.13363560818386816,0.08683909529322158,0.0240267254,0.9195926943
v184_rawvalue,float64,0.24984481688392302,200,0.257773272652048,0.03930230598262489,0.157,0.429
v184_numerator,float64,1.0,0,,,,
v184_denominator,float64,1.0,0,,,,
v184_cilow,float64,0.24984481688392302,186,0.2240479933802234,0.03646161930629305,0.138,0.393
v184_cihigh,float64,0.24984481688392302,212,0.29360943318163013,0.042158892642704074,0.176,0.468
v052_rawvalue,float64,0.024208566108007448,3141,0.21726594340820607,0.03511981161876826,0.0376802605,0.4200724909
v052_numerator,float64,0.024208566108007448,2911,23165.350190839694,71958.5171304565,6.0,1952770.0
v052_denominator,float64,0.024208566108007448,3084,106525.09382951654,332571.66297843854,43.0,9663345.0
v052_cilow,float64,1.0,0,,,,
v052_cihigh,float64,1.0,0,,,,
v053_rawvalue,float64,0.024208566108007448,3142,0.20859649887856235,0.04964198370539124,0.0,0.5714841817
v053_numerator,float64,0.024208566108007448,2876,18844.898536895675,53607.68868892861,0.0,1520769.0
v053_denominator,float64,0.024208566108007448,3084,106525.09382951654,332571.66297843854,43.0,9663345.0
v053_cilow,float64,1.0,0,,,,
v053_cihigh,float64,1.0,0,,,,
v057_rawvalue,float64,0.024208566108007448,3139,0.4958127708300254,0.02341133316253748,0.263484741,0.5756315007
v057_numerator,float64,0.024208566108007448,3032,53805.81902035623,168440.31769305246,12.0,4882779.0
v057_denominator,float64,0.024208566108007448,3084,106525.09382951654,332571.66297843854,43.0,9663345.0
v057_cilow,float64,1.0,0,,,,
v057_cihigh,float64,1.0,0,,,,
v055_rawvalue,float64,0.024208566108007448,3139,0.02470232905092239,0.07648405795169691,0.0,0.9337582802
v055_numerator,float64,0.024208566108007448,1316,1426.977417302799,5584.653230180639,0.0,148387.0
v055_denominator,float64,0.024208566108007448,3084,106525.09382951654,332571.66297843854,43.0,9663345.0
v055_cilow,float64,1.0,0,,,,
v055_cihigh,float64,1.0,0,,,,
v081_rawvalue,float64,0.024208566108007448,3133,0.01737690462989822,0.03131970572170033,0.0,0.4417798324
v081_numerator,float64,0.024208566108007448,1387,6802.4535623409665,46033.007370744774,0.0,1549910.0
v081_denominator,float64,0.024208566108007448,3084,106525.09382951654,332571.66297843854,43.0,9663345.0
v081_cilow,float64,1.0,0,,,,
v081_cihigh,float64,1.0,0,,,,
v056_rawvalue,float64,0.024208566108007448,3141,0.1053261038519084,0.13875506823682182,0.0024996875,0.9698183032
v056_numerator,float64,0.024208566108007448,2342,20744.00286259542,127660.45301898096,2.0,4695902.0
v056_denominator,float64,0.024208566108007448,3084,106525.09382951654,332571.66297843854,43.0,9663345.0
v056_cilow,float64,1.0,0,,,,
v056_cihigh,float64,1.0,0,,,,
v080_rawvalue,float64,0.024208566108007448,2948,0.0016885694991730278,0.008017133034380045,0.0,0.3703703704
v080_numerator,float64,0.024208566108007448,570,286.20069974554707,2280.110799812247,0.0,97448.0
v080_denominator,float64,0.024208566108007448,3084,106525.09382951654,332571.66297843854,43.0,9663345.0
v080_cilow,float64,1.0,0,,,,
v080_cihigh,float64,1.0,0,,,,
v054_rawvalue,float64,0.024208566108007448,3137,0.09062036920588423,0.14107076470641888,0.0,0.8579552048
v054_numerator,float64,0.024208566108007448,2039,13458.361323155217,55006.567430417825,0.0,1139137.0
v054_denominator,float64,0.024208566108007448,3084,106525.09382951654,332571.66297843854,43.0,9663345.0
v054_cilow,float64,1.0,0,,,,
v054_cihigh,float64,1.0,0,,,,
v126_rawvalue,float64,0.024208566108007448,3143,0.7455343588900764,0.20191848951188693,0.0248278582,0.9754185964
v126_numerator,float64,0.024208566108007448,3061,62160.49109414758,138420.53383480213,19.0,2442113.0
v126_denominator,float64,0.024208566108007448,3084,106525.09382951654,332571.66297843854,43.0,9663345.0
v126_cilow,float64,1.0,0,,,,
v126_cihigh,float64,1.0,0,,,,
v180_rawvalue,float64,0.024208566108007448,293,0.32538613231552166,0.05685629253157083,0.179,0.541
v180_numerator,float64,1.0,0,,,,
v180_denominator,float64,1.0,0,,,,
v180_cilow,float64,0.024208566108007448,269,0.28659764631043255,0.05249112169094646,0.154,0.509
v180_cihigh,float64,0.024208566108007448,304,0.3658613231552163,0.06117633463059168,0.204,0.572
v059_rawvalue,float64,0.024208566108007448,2957,0.016148119062849874,0.026453535252084794,0.0,0.4230769231
v059_numerator,float64,0.024208566108007448,1330,4177.509541984733,30050.02439579089,0.0,1165693.0
v059_denominator,float64,0.024208566108007448,3077,99697.08683206108,314438.25333438686,43.0,9329609.0
v059_cilow,float64,0.06641837368094351,1603,0.009185058702925531,0.02082687931446017,0.0,0.2116779166
v059_cihigh,float64,0.06641837368094351,3005,0.02714991065897606,0.04471078855798949,0.0020258126,1.0
v082_rawvalue,float64,0.024829298572315334,3129,0.23861248427698917,0.10357709151017823,0.0,0.7792068596
v082_numerator,float64,0.02451893234016139,2314,5804.798281896277,19544.887262694283,0.0,527194.0
v082_denominator,float64,0.02451893234016139,2899,23374.671333121223,73805.64075750276,0.0,2053515.0
v082_cilow,float64,0.024829298572315334,3067,0.16835822667021008,0.09425455665504007,0.0,0.6504280383
v082_cihigh,float64,0.024829298572315334,3138,0.31028607761499044,0.12710034929223912,0.0411817617,1.0
v058_rawvalue,float64,0.024208566108007448,2016,0.6405605092266686,0.33622307981495764,0.0,1.0
v058_numerator,float64,0.024208566108007448,3019,21087.867048346056,19497.533737024696,0.0,182559.0
v058_denominator,float64,0.024208566108007448,3086,105422.79930025445,335456.3711255352,64.0,10014009.0
v058_cilow,float64,1.0,0,,,,
v058_cihigh,float64,1.0,0,,,,
v051_rawvalue,float64,0.024208566108007448,3084,106525.09382951654,332571.66297843854,43.0,9663345.0
v051_numerator,float64,1.0,0,,,,
v051_denominator,float64,1.0,0,,,,
v051_cilow,float64,1.0,0,,,,
v051_cihigh,float64,1.0,0,,,,
