,missing_fraction
v051_cihigh,1.0
v083_cihigh,1.0
v045_cilow,1.0
v045_denominator,1.0
v143_denominator,1.0
v143_numerator,1.0
v139_cihigh,1.0
v042_numerator,1.0
v042_denominator,1.0
v139_cilow,1.0
v139_denominator,1.0
v002_numerator,1.0
v145_denominator,1.0
v002_denominator,1.0
v083_cilow,1.0
v183_denominator,1.0
v183_numerator,1.0
v155_numerator,1.0
v155_denominator,1.0
v155_cilow,1.0
v155_cihigh,1.0
v132_cilow,1.0
v045_cihigh,1.0
v049_numerator,1.0
v049_denominator,1.0
v137_numerator,1.0
v182_cihigh,1.0
v182_cilow,1.0
v182_denominator,1.0
v182_numerator,1.0
v179_cihigh,1.0
v179_cilow,1.0
v156_cihigh,1.0
v156_cilow,1.0
v156_denominator,1.0
v156_numerator,1.0
v131_cihigh,1.0
v131_cilow,1.0
v070_denominator,1.0
v070_numerator,1.0
v001_race_tom_flag,1.0
v009_denominator,1.0
v036_numerator,1.0
v036_denominator,1.0
v009_numerator,1.0
v132_cihigh,1.0
v145_numerator,1.0
v178_denominator,1.0
v023_cihigh,1.0
v050_cihigh,1.0
v147_denominator,1.0
v147_numerator,1.0
v171_cihigh,1.0
v171_cilow,1.0
v171_numerator,1.0
v140_cihigh,1.0
v140_cilow,1.0
v024_denominator,1.0
v023_cilow,1.0
v133_cilow,1.0
v181_denominator,1.0
v181_numerator,1.0
v124_cihigh,1.0
v124_cilow,1.0
v124_denominator,1.0
v124_numerator,1.0
v125_cihigh,1.0
v125_cilow,1.0
v125_denominator,1.0
v050_cilow,1.0
v050_denominator,1.0
v050_numerator,1.0
v005_cihigh,1.0
v133_cihigh,1.0
v011_denominator,1.0
v011_numerator,1.0
v061_cihigh,1.0
v004_cilow,1.0
v004_cihigh,1.0
v061_cilow,1.0
v061_denominator,1.0
v060_denominator,1.0
v060_numerator,1.0
v062_cilow,1.0
v062_cihigh,1.0
v144_denominator,1.0
v144_numerator,1.0
v088_cilow,1.0
v088_cihigh,1.0
v005_numerator,1.0
v005_denominator,1.0
v005_cilow,1.0
v178_numerator,1.0
v125_numerator,1.0
v178_cilow,1.0
v169_cihigh,1.0
v063_numerator,1.0
v063_denominator,1.0
v080_cilow,1.0
v056_cihigh,1.0
v056_cilow,1.0
v081_cihigh,1.0
v081_cilow,1.0
v055_cihigh,1.0
v055_cilow,1.0
v057_cihigh,1.0
v057_cilow,1.0
v053_cihigh,1.0
v053_cilow,1.0
v170_rawvalue,1.0
v170_numerator,1.0
v170_denominator,1.0
v170_cilow,1.0
v170_cihigh,1.0
v172_cilow,1.0
v172_cihigh,1.0
v141_numerator,1.0
v141_denominator,1.0
v141_cilow,1.0
v141_cihigh,1.0
v052_cihigh,1.0
v052_cilow,1.0
v184_denominator,1.0
v184_numerator,1.0
v178_cihigh,1.0
v065_cihigh,1.0
v065_cilow,1.0
v080_cihigh,1.0
v058_cihigh,1.0
v177_cilow,1.0
v177_cihigh,1.0
v021_cilow,1.0
v021_cihigh,1.0
v159_numerator,1.0
v159_denominator,1.0
v159_cilow,1.0
v159_cihigh,1.0
v051_cilow,1.0
v160_numerator,1.0
v160_denominator,1.0
v160_cilow,1.0
v160_cihigh,1.0
v051_denominator,1.0
v051_numerator,1.0
v180_denominator,1.0
v054_cilow,1.0
v167_numerator,1.0
v167_denominator,1.0
v167_cilow,1.0
v167_cihigh,1.0
v169_numerator,1.0
v169_denominator,1.0
v058_cilow,1.0
v169_cilow,1.0
v180_numerator,1.0
v126_cihigh,1.0
v126_cilow,1.0
v054_cihigh,1.0
v129_race_nhopi_cihigh,0.9984481688392303
v129_race_nhopi,0.9984481688392303
v129_race_nhopi_cilow,0.9984481688392303
v015_race_nhopi,0.9978274363749224
v015_race_nhopi_cilow,0.9978274363749224
v015_race_nhopi_cihigh,0.9978274363749224
v138_race_nhopi,0.9978274363749224
v161_race_nhopi,0.9978274363749224
v161_race_nhopi_cilow,0.9978274363749224
v161_race_nhopi_cihigh,0.9978274363749224
v138_race_nhopi_cihigh,0.9978274363749224
v138_race_nhopi_cilow,0.9978274363749224
v148_race_nhopi_cihigh,0.9972067039106145
v148_race_nhopi_cilow,0.9972067039106145
v148_race_nhopi,0.9972067039106145
v039_race_nhopi_cihigh,0.9965859714463067
v039_race_nhopi_cilow,0.9965859714463067
v039_race_nhopi,0.9965859714463067
v129_race_aian,0.9962756052141527
v129_race_aian_cihigh,0.9962756052141527
v129_race_aian_cilow,0.9962756052141527
v128_race_nhopi_cilow,0.9959652389819987
v128_race_nhopi_cihigh,0.9959652389819987
v128_race_nhopi,0.9959652389819987
v135_race_nhopi_cilow,0.9891371818746121
v135_race_nhopi_cihigh,0.9891371818746121
v135_race_nhopi,0.9891371818746121
v129_race_tom,0.9882060831781502
v015_race_aian_cihigh,0.9882060831781502
v015_race_aian_cilow,0.9882060831781502
v129_race_tom_cihigh,0.9882060831781502
v129_race_tom_cilow,0.9882060831781502
v015_race_aian,0.9882060831781502
v015_race_asian_cilow,0.9866542520173806
v015_race_asian_cihigh,0.9866542520173806
v015_race_asian,0.9866542520173806
v147_race_nhopi_cihigh,0.9860335195530726
v147_race_nhopi_cilow,0.9860335195530726
v147_race_nhopi,0.9860335195530726
v148_race_aian_cihigh,0.9851024208566108
v148_race_aian_cilow,0.9851024208566108
v148_race_aian,0.9851024208566108
v014_race_nhopi_cihigh,0.9826194909993793
v014_race_nhopi_cilow,0.9826194909993793
v014_race_nhopi,0.9826194909993793
v127_race_nhopi_cilow,0.9823091247672253
v001_race_nhopi,0.9823091247672253
v127_race_nhopi_cihigh,0.9823091247672253
v128_race_aian,0.9823091247672253
v128_race_aian_cilow,0.9823091247672253
v127_race_nhopi,0.9823091247672253
v128_race_aian_cihigh,0.9823091247672253
v001_race_nhopi_cihigh,0.9823091247672253
v001_race_nhopi_cilow,0.9823091247672253
v129_race_asian_cilow,0.9819987585350713
v129_race_asian,0.9819987585350713
v129_race_asian_cihigh,0.9819987585350713
v161_race_aian,0.9813780260707635
v161_race_aian_cihigh,0.9813780260707635
v161_race_aian_cilow,0.9813780260707635
v148_race_asian_cilow,0.9810676598386096
v148_race_asian,0.9810676598386096
v148_race_asian_cihigh,0.9810676598386096
v138_race_asian_cilow,0.9807572936064556
v138_race_asian,0.9807572936064556
v138_race_asian_cihigh,0.9807572936064556
v037_race_nhopi,0.9714463066418374
v037_race_nhopi_cilow,0.9714463066418374
v037_race_nhopi_cihigh,0.9714463066418374
v138_race_aian,0.9695841092489137
v138_race_aian_cihigh,0.9695841092489137
v138_race_aian_cilow,0.9695841092489137
v039_race_aian,0.9689633767846059
v039_race_aian_cilow,0.9689633767846059
v039_race_aian_cihigh,0.9689633767846059
v128_race_asian,0.9652389819987586
v128_race_asian_cilow,0.9652389819987586
v128_race_asian_cihigh,0.9652389819987586
v039_race_asian_cihigh,0.9649286157666046
v039_race_asian,0.9649286157666046
v039_race_asian_cilow,0.9649286157666046
v161_race_asian_cihigh,0.9602731222842955
v161_race_asian,0.9602731222842955
v161_race_asian_cilow,0.9602731222842955
v014_race_asian_cilow,0.9500310366232154
v014_race_asian_cihigh,0.9500310366232154
v014_race_asian,0.9500310366232154
v014_race_aian,0.9220980757293606
v014_race_aian_cilow,0.9220980757293606
v014_race_aian_cihigh,0.9220980757293606
v129_race_hispanic,0.9189944134078212
v159_race_aian,0.9189944134078212
v129_race_hispanic_cilow,0.9189944134078212
v129_race_hispanic_cihigh,0.9189944134078212
v160_race_aian,0.9140285536933581
v005_race_aian,0.9140285536933581
v147_race_aian_cihigh,0.9130974549968963
v147_race_aian,0.9130974549968963
v147_race_aian_cilow,0.9130974549968963
v037_race_aian,0.9115456238361266
v037_race_aian_cihigh,0.9115456238361266
v037_race_aian_cilow,0.9115456238361266
v135_race_aian,0.9106145251396648
v135_race_aian_cilow,0.9106145251396648
v135_race_aian_cihigh,0.9106145251396648
v015_race_hispanic_cihigh,0.9106145251396648
v015_race_hispanic_cilow,0.9106145251396648
v015_race_hispanic,0.9106145251396648
v135_race_asian_cihigh,0.9065797641216635
v135_race_asian,0.9065797641216635
v135_race_asian_cilow,0.9065797641216635
v161_race_black_cihigh,0.904096834264432
v161_race_black,0.904096834264432
v161_race_black_cilow,0.904096834264432
v148_race_hispanic_cihigh,0.9006828057107387
v148_race_hispanic_cilow,0.9006828057107387
v148_race_hispanic,0.9006828057107387
v161_race_hispanic_cilow,0.8954065797641216
v161_race_hispanic_cihigh,0.8954065797641216
v161_race_hispanic,0.8954065797641216
v138_race_hispanic,0.8845437616387337
v138_race_hispanic_cihigh,0.8845437616387337
v138_race_hispanic_cilow,0.8845437616387337
v050_race_aian,0.8836126629422719
v005_race_asian,0.883302296710118
v129_race_black_cihigh,0.8805090006207325
v129_race_black_cilow,0.8805090006207325
v129_race_black,0.8805090006207325
v001_race_aian_cihigh,0.8801986343885785
v127_race_aian_cihigh,0.8801986343885785
v001_race_aian_cilow,0.8801986343885785
v001_race_aian,0.8801986343885785
v127_race_aian,0.8801986343885785
v127_race_aian_cilow,0.8801986343885785
v001_race_asian_cilow,0.8758535071384234
v001_race_asian_cihigh,0.8758535071384234
v127_race_asian_cihigh,0.8758535071384234
v127_race_asian,0.8758535071384234
v127_race_asian_cilow,0.8758535071384234
v001_race_asian,0.8758535071384234
v001_race_white_flag,0.8699565487274985
v067_race_aian,0.8684047175667288
v067_race_aian_cilow,0.8684047175667288
v067_race_aian_cihigh,0.8684047175667288
v159_race_asian,0.8662321539416511
v128_race_hispanic,0.8516449410304159
v128_race_hispanic_cilow,0.8516449410304159
v128_race_hispanic_cihigh,0.8516449410304159
v160_race_asian,0.8438857852265673
v138_race_black,0.8389199255121043
v138_race_black_cilow,0.8389199255121043
v138_race_black_cihigh,0.8389199255121043
v039_race_hispanic_cihigh,0.8314711359404097
v039_race_hispanic_cilow,0.8314711359404097
v039_race_hispanic,0.8314711359404097
v147_race_asian_cihigh,0.8255741775294848
v147_race_asian_cilow,0.8255741775294848
v147_race_asian,0.8255741775294848
v155_race_aian,0.8178150217256362
v067_race_asian_cihigh,0.8106765983860956
v067_race_asian_cilow,0.8106765983860956
v067_race_asian,0.8106765983860956
v128_race_black,0.8047796399751707
v128_race_black_cilow,0.8047796399751707
v128_race_black_cihigh,0.8047796399751707
v148_race_black,0.8004345127250155
v148_race_black_cilow,0.8004345127250155
v148_race_black_cihigh,0.8004345127250155
v037_race_asian_cilow,0.7948479205462445
v037_race_asian_cihigh,0.7948479205462445
v037_race_asian,0.7948479205462445
v015_race_black,0.7892613283674736
v015_race_black_cihigh,0.7892613283674736
v015_race_black_cilow,0.7892613283674736
v039_race_black_cihigh,0.7725015518311608
v039_race_black_cilow,0.7725015518311608
v039_race_black,0.7725015518311608
v005_race_hispanic,0.7600869025450031
v024_race_asian_cilow,0.7594661700806952
v024_race_asian,0.7594661700806952
v024_race_asian_cihigh,0.7594661700806952
v024_race_aian_cihigh,0.749534450651769
v024_race_aian_cilow,0.749534450651769
v024_race_aian,0.749534450651769
v129_race_white_cihigh,0.7486033519553073
v129_race_white_cilow,0.7486033519553073
v129_race_white,0.7486033519553073
v037_race_tom_cilow,0.7439478584729982
v037_race_tom,0.7439478584729982
v037_race_tom_cihigh,0.7439478584729982
v014_race_tom_cilow,0.7222222222222222
v014_race_tom_cihigh,0.7222222222222222
v014_race_tom,0.7222222222222222
v050_race_asian,0.7219118559900682
v135_race_hispanic_cihigh,0.7057728119180633
v135_race_hispanic_cilow,0.7057728119180633
v135_race_hispanic,0.7057728119180633
v015_race_white_cihigh,0.6958410924891372
v015_race_white,0.6958410924891372
v015_race_white_cilow,0.6958410924891372
v067_race_black_cihigh,0.6685288640595903
v067_race_black_cilow,0.6685288640595903
v067_race_black,0.6685288640595903
v159_race_black,0.6682184978274364
v050_race_hispanic,0.6657355679702048
v127_race_hispanic_cihigh,0.6564245810055865
v127_race_hispanic_cilow,0.6564245810055865
v127_race_hispanic,0.6564245810055865
v001_race_hispanic,0.6564245810055865
v001_race_hispanic_cilow,0.6564245810055865
v001_race_hispanic_cihigh,0.6564245810055865
v155_race_asian,0.6477343265052762
v159_race_hispanic,0.6452513966480447
v149_denominator,0.6421477343265053
v149_cihigh,0.6421477343265053
v149_rawvalue,0.6421477343265053
v149_cilow,0.6421477343265053
v149_numerator,0.6421477343265053
v129_cihigh,0.6362507759155804
v129_cilow,0.6362507759155804
v129_denominator,0.6362507759155804
v129_rawvalue,0.6362507759155804
v129_numerator,0.6362507759155804
v014_race_black_cilow,0.6353196772191185
v014_race_black,0.6353196772191185
v014_race_black_cihigh,0.6353196772191185
v160_race_black,0.6343885785226567
v135_race_black_cilow,0.6241464928615766
v135_race_black,0.6241464928615766
v135_race_black_cihigh,0.6241464928615766
v181_cihigh,0.6225946617008069
v181_cilow,0.6225946617008069
v147_race_black_cihigh,0.6039726877715704
v147_race_black,0.6039726877715704
v147_race_black_cilow,0.6039726877715704
v005_race_black,0.6021104903786468
v147_race_hispanic,0.5986964618249534
v147_race_hispanic_cilow,0.5986964618249534
v147_race_hispanic_cihigh,0.5986964618249534
v063_race_aian,0.5946617008069522
v063_race_aian_cilow,0.5946617008069522
v063_race_aian_cihigh,0.5946617008069522
v063_race_asian,0.5934202358783365
v063_race_asian_cilow,0.5934202358783365
v063_race_asian_cihigh,0.5934202358783365
v067_race_hispanic_cihigh,0.5794537554314091
v067_race_hispanic_cilow,0.5794537554314091
v067_race_hispanic,0.5794537554314091
v037_race_black,0.5667287399130975
v037_race_black_cihigh,0.5667287399130975
v037_race_black_cilow,0.5667287399130975
v160_race_hispanic,0.5630043451272502
v015_denominator,0.5577281191806331
v015_cilow,0.5577281191806331
v015_numerator,0.5577281191806331
v015_rawvalue,0.5577281191806331
v015_cihigh,0.5577281191806331
v127_race_black,0.5546244568590938
v127_race_black_cilow,0.5546244568590938
v127_race_black_cihigh,0.5546244568590938
v001_race_black,0.5546244568590938
v001_race_black_cilow,0.5546244568590938
v001_race_black_cihigh,0.5546244568590938
v050_race_black,0.5515207945375543
v037_race_hispanic_cihigh,0.5257603972687771
v037_race_hispanic,0.5257603972687771
v037_race_hispanic_cilow,0.5257603972687771
v155_race_hispanic,0.5220360024829298
v014_race_hispanic,0.5186219739292365
v014_race_hispanic_cihigh,0.5186219739292365
v014_race_hispanic_cilow,0.5186219739292365
v128_race_white_cilow,0.4931719428926133
v128_race_white,0.4931719428926133
v128_race_white_cihigh,0.4931719428926133
v024_race_black_cihigh,0.4903786468032278
v024_race_black_cilow,0.4903786468032278
v024_race_black,0.4903786468032278
v155_race_black,0.4649286157666046
v063_race_black_cilow,0.4515828677839851
v063_race_black,0.4515828677839851
v063_race_black_cihigh,0.4515828677839851
v138_race_white_cilow,0.42178770949720673
v138_race_white,0.42178770949720673
v138_race_white_cihigh,0.42178770949720673
v138_cilow,0.3761638733705773
v138_cihigh,0.3761638733705773
v138_rawvalue,0.3761638733705773
v138_numerator,0.3761638733705773
v138_denominator,0.3761638733705773
v001_race_black_flag,0.37274984481688395
v128_cihigh,0.3612662942271881
v128_cilow,0.3612662942271881
v128_denominator,0.3612662942271881
v128_numerator,0.3612662942271881
v128_rawvalue,0.3612662942271881
v141_rawvalue,0.35940409683426444
v148_race_white_cilow,0.34202358783364367
v148_race_white,0.34202358783364367
v148_race_white_cihigh,0.34202358783364367
v001_race_hispanic_flag,0.2914338919925512
Received food stamps in the past 12 months among adults,0.28646803227808815
Utility services shut-off threat in the past 12 months among adults,0.28646803227808815
Housing insecurity in the past 12 months among adults,0.28646803227808815
Lack of social and emotional support among adults,0.28646803227808815
Loneliness among adults,0.28646803227808815
Food insecurity in the past 12 months among adults,0.28646803227808815
Lack of reliable transportation in the past 12 months among adults,0.28646803227808815
v161_race_white,0.2849162011173184
v161_race_white_cilow,0.2849162011173184
v161_race_white_cihigh,0.2849162011173184
v148_rawvalue,0.28429546865301053
v148_cihigh,0.28429546865301053
v148_cilow,0.28429546865301053
v148_denominator,0.28429546865301053
v148_numerator,0.28429546865301053
v063_race_hispanic_cihigh,0.2569832402234637
v063_race_hispanic_cilow,0.2569832402234637
v063_race_hispanic,0.2569832402234637
v183_rawvalue,0.24984481688392302
v183_cihigh,0.24984481688392302
v184_cilow,0.24984481688392302
v184_rawvalue,0.24984481688392302
v184_cihigh,0.24984481688392302
v183_cilow,0.24984481688392302
v161_other_data_1,0.24270639354438237
v161_rawvalue,0.24270639354438237
v161_cihigh,0.24270639354438237
v161_cilow,0.24270639354438237
v161_denominator,0.24270639354438237
v161_numerator,0.24270639354438237
v024_race_hispanic,0.22780881440099318
v024_race_hispanic_cihigh,0.22780881440099318
v024_race_hispanic_cilow,0.22780881440099318
v021_rawvalue,0.22749844816883924
v021_numerator,0.22749844816883924
v021_denominator,0.22749844816883924
v159_race_white,0.2256362507759156
v039_race_white_cihigh,0.21849782743637491
v039_race_white,0.21849782743637491
v039_race_white_cilow,0.21849782743637491
v159_rawvalue,0.1980136561142148
v061_rawvalue,0.1669770328988206
v061_numerator,0.1669770328988206
v039_cihigh,0.16076970825574177
v039_cilow,0.16076970825574177
v039_denominator,0.16076970825574177
v039_rawvalue,0.16076970825574177
v039_numerator,0.16076970825574177
v014_race_white_cilow,0.15890751086281812
v014_race_white_cihigh,0.15890751086281812
v014_race_white,0.15890751086281812
v160_race_white,0.14369956548727497
v179_rawvalue,0.11669770328988206
v179_numerator,0.11669770328988206
v160_rawvalue,0.10459342023587834
v001_race_asian_flag,0.10459342023587834
v014_denominator,0.09962756052141528
v014_cihigh,0.09962756052141528
v014_cilow,0.09962756052141528
v014_numerator,0.09962756052141528
v014_rawvalue,0.09962756052141528
v065_rawvalue,0.09683426443202979
v065_numerator,0.09683426443202979
v065_denominator,0.09683426443202979
v001_race_aian_flag,0.09342023587833644
v167_rawvalue,0.09031657355679702
v037_race_white_cilow,0.0893854748603352
v037_race_white_cihigh,0.0893854748603352
v037_race_white,0.0893854748603352
Fair or poor self-rated health status among adults,0.08255741775294848
Current cigarette smoking among adults,0.08255741775294848
Current lack of health insurance among adults aged 18-64 years,0.08255741775294848
Depression among adults,0.08255741775294848
Diagnosed diabetes among adults,0.08255741775294848
Independent living disability among adults,0.08255741775294848
Arthritis among adults,0.08255741775294848
High cholesterol among adults who have ever been screened,0.08255741775294848
Frequent mental distress among adults,0.08255741775294848
Any disability among adults,0.08255741775294848
Vision disability among adults,0.08255741775294848
High blood pressure among adults,0.08255741775294848
Hearing disability among adults,0.08255741775294848
Frequent physical distress among adults,0.08255741775294848
Binge drinking among adults,0.08255741775294848
Visits to doctor for routine checkup within the past year among adults,0.08255741775294848
Cognitive disability among adults,0.08255741775294848
Cancer (non-skin) or melanoma among adults,0.08255741775294848
Cholesterol screening among adults,0.08255741775294848
Chronic obstructive pulmonary disease among adults,0.08255741775294848
Self-care disability among adults,0.08255741775294848
Coronary heart disease among adults,0.08255741775294848
Current asthma among adults,0.08255741775294848
No leisure-time physical activity among adults,0.08255741775294848
Stroke among adults,0.08255741775294848
Taking medicine to control high blood pressure among adults with high blood pressure,0.08255741775294848
Obesity among adults,0.08255741775294848
Mobility disability among adults,0.08255741775294848
v062_rawvalue,0.07728119180633147
v062_other_data_1,0.07728119180633147
v135_race_white,0.07697082557417753
v135_race_white_cilow,0.07697082557417753
v135_race_white_cihigh,0.07697082557417753
v004_other_data_1,0.07572936064556177
v004_rawvalue,0.07572936064556177
v147_race_white_cihigh,0.07541899441340782
v147_race_white,0.07541899441340782
v147_race_white_cilow,0.07541899441340782
v172_rawvalue,0.07417752948479206
v172_numerator,0.07417752948479206
v059_cilow,0.06641837368094351
v059_cihigh,0.06641837368094351
v181_rawvalue,0.06424581005586592
v045_rawvalue,0.061762880198634386
v045_numerator,0.061762880198634386
v037_numerator,0.05803848541278709
v037_rawvalue,0.05803848541278709
v135_denominator,0.05803848541278709
v037_denominator,0.05803848541278709
v037_cihigh,0.05803848541278709
v005_race_white,0.05803848541278709
v135_rawvalue,0.05803848541278709
v135_numerator,0.05803848541278709
v135_cilow,0.05803848541278709
v135_cihigh,0.05803848541278709
v037_cilow,0.05803848541278709
v127_race_white,0.05617628801986344
v001_race_white,0.05617628801986344
v001_race_white_cihigh,0.05617628801986344
v127_race_white_cihigh,0.05617628801986344
v127_race_white_cilow,0.05617628801986344
v001_race_white_cilow,0.05617628801986344
v169_rawvalue,0.05493482309124767
v088_rawvalue,0.054003724394785846
v088_other_data_1,0.054003724394785846
v125_rawvalue,0.05058969584109249
v147_cihigh,0.05027932960893855
v147_rawvalue,0.05027932960893855
v147_cilow,0.05027932960893855
v005_rawvalue,0.04996896337678461
v024_race_white_cihigh,0.048727498448168836
v024_race_white_cilow,0.048727498448168836
v024_race_white,0.048727498448168836
v067_race_white_cihigh,0.04562383612662942
v067_race_white,0.04562383612662942
v067_race_white_cilow,0.04562383612662942
v001_cihigh,0.04407200496585972
v127_numerator,0.04407200496585972
v127_denominator,0.04407200496585972
v127_cilow,0.04407200496585972
v127_cihigh,0.04407200496585972
v127_rawvalue,0.04407200496585972
v001_cilow,0.04407200496585972
v001_denominator,0.04407200496585972
v001_numerator,0.04407200496585972
v001_rawvalue,0.04407200496585972
v134_cihigh,0.043761638733705775
v134_cilow,0.043761638733705775
v124_rawvalue,0.040657976412166355
v132_rawvalue,0.03879577901924271
v132_numerator,0.03879577901924271
v083_numerator,0.03786468032278088
v133_rawvalue,0.03786468032278088
v133_numerator,0.03786468032278088
v182_other_data_2,0.03786468032278088
v083_rawvalue,0.03786468032278088
v001_race_nhopi_flag,0.037243947858473
v177_rawvalue,0.03662321539416512
v177_numerator,0.03662321539416512
v156_rawvalue,0.03662321539416512
v177_denominator,0.036312849162011177
v069_cilow,0.03569211669770329
v069_cihigh,0.03569211669770329
v134_numerator,0.035071384233395404
v134_denominator,0.035071384233395404
v050_race_white,0.035071384233395404
v134_rawvalue,0.035071384233395404
v050_rawvalue,0.03382991930477964
v155_race_white,0.033209186840471756
v155_rawvalue,0.032588454376163874
v168_cihigh,0.03227808814400993
v168_cilow,0.03227808814400993
v044_cihigh,0.031036623215394164
v044_cilow,0.031036623215394164
v044_denominator,0.031036623215394164
v044_numerator,0.031036623215394164
v044_rawvalue,0.031036623215394164
v182_other_data_1,0.028864059590316574
TractNHOPI,0.02824332712600869
TractAsian,0.02824332712600869
TractBlack,0.02824332712600869
TractSNAP,0.02824332712600869
PCTGQTRS,0.02824332712600869
TractHUNV,0.02824332712600869
TractWhite,0.02824332712600869
v131_rawvalue,0.02824332712600869
TractHispanic,0.02824332712600869
TractOMultir,0.02824332712600869
TractSeniors,0.02824332712600869
TractAIAN,0.02824332712600869
v131_other_data_1,0.02824332712600869
NUMGQTRS,0.02824332712600869
TractLOWI,0.02824332712600869
TractKids,0.02824332712600869
v178_rawvalue,0.027932960893854747
PovertyRate,0.027932960893854747
LILATracts_halfAnd10,0.027622594661700806
LA1and20,0.027622594661700806
LATracts_half,0.027622594661700806
LowIncomeTracts,0.027622594661700806
v083_denominator,0.027622594661700806
LILATracts_1And20,0.027622594661700806
LATracts1,0.027622594661700806
LATracts10,0.027622594661700806
LILATracts_1And10,0.027622594661700806
v172_denominator,0.027622594661700806
LILATracts_Vehicle,0.027622594661700806
LATracts20,0.027622594661700806
LATractsVehicle_20,0.027622594661700806
HUNVFlag,0.027622594661700806
LAhalfand10,0.027622594661700806
LA1and10,0.027622594661700806
Pop2010,0.027622594661700806
GroupQuartersFlag,0.027622594661700806
OHU2010,0.027622594661700806
v171_denominator,0.027622594661700806
v171_rawvalue,0.027622594661700806
Urban,0.027622594661700806
v023_numerator,0.027312228429546864
v023_rawvalue,0.027312228429546864
v023_denominator,0.027312228429546864
v004_denominator,0.027001862197392923
v151_cihigh,0.027001862197392923
v151_cilow,0.027001862197392923
v151_denominator,0.027001862197392923
v133_denominator,0.027001862197392923
v182_rawvalue,0.027001862197392923
v004_numerator,0.027001862197392923
v182_other_data_3,0.027001862197392923
v088_denominator,0.027001862197392923
v151_numerator,0.027001862197392923
v151_rawvalue,0.027001862197392923
v088_numerator,0.027001862197392923
v154_numerator,0.0260707635009311
v154_cihigh,0.0260707635009311
v154_cilow,0.0260707635009311
v154_denominator,0.0260707635009311
v154_rawvalue,0.0260707635009311
v063_race_white,0.025760397268777158
v063_race_white_cilow,0.025760397268777158
v063_race_white_cihigh,0.025760397268777158
v082_cihigh,0.024829298572315334
v082_cilow,0.024829298572315334
v082_rawvalue,0.024829298572315334
Short sleep duration among adults,0.02451893234016139
v136_cihigh,0.02451893234016139
v136_cilow,0.02451893234016139
v085_cihigh,0.02451893234016139
v085_cilow,0.02451893234016139
v085_denominator,0.02451893234016139
v085_numerator,0.02451893234016139
Visited dentist or dental clinic in the past year among adults,0.02451893234016139
Mammography use among women aged 50-74 years,0.02451893234016139
v024_rawvalue,0.02451893234016139
v024_numerator,0.02451893234016139
v085_rawvalue,0.02451893234016139
v024_cihigh,0.02451893234016139
Colorectal cancer screening among adults aged 45–75 years,0.02451893234016139
v069_rawvalue,0.02451893234016139
v082_denominator,0.02451893234016139
v003_cihigh,0.02451893234016139
v082_numerator,0.02451893234016139
v122_rawvalue,0.02451893234016139
v003_numerator,0.02451893234016139
v003_rawvalue,0.02451893234016139
v063_rawvalue,0.02451893234016139
v003_denominator,0.02451893234016139
v063_cilow,0.02451893234016139
v063_cihigh,0.02451893234016139
All teeth lost among adults aged >=65 years,0.02451893234016139
v122_numerator,0.02451893234016139
v024_cilow,0.02451893234016139
v122_denominator,0.02451893234016139
v122_cilow,0.02451893234016139
v122_cihigh,0.02451893234016139
v003_cilow,0.02451893234016139
v058_numerator,0.024208566108007448
v056_rawvalue,0.024208566108007448
v058_rawvalue,0.024208566108007448
v137_cihigh,0.024208566108007448
v059_numerator,0.024208566108007448
v057_rawvalue,0.024208566108007448
v059_denominator,0.024208566108007448
v058_denominator,0.024208566108007448
v053_denominator,0.024208566108007448
v053_numerator,0.024208566108007448
v053_rawvalue,0.024208566108007448
v057_denominator,0.024208566108007448
v052_denominator,0.024208566108007448
v052_numerator,0.024208566108007448
v052_rawvalue,0.024208566108007448
v137_cilow,0.024208566108007448
v137_denominator,0.024208566108007448
v051_rawvalue,0.024208566108007448
v057_numerator,0.024208566108007448
v180_cilow,0.024208566108007448
v059_rawvalue,0.024208566108007448
v080_denominator,0.024208566108007448
v056_denominator,0.024208566108007448
v069_denominator,0.024208566108007448
v069_numerator,0.024208566108007448
v080_rawvalue,0.024208566108007448
v080_numerator,0.024208566108007448
v081_denominator,0.024208566108007448
v081_numerator,0.024208566108007448
v081_rawvalue,0.024208566108007448
v168_rawvalue,0.024208566108007448
v168_numerator,0.024208566108007448
v055_denominator,0.024208566108007448
v055_numerator,0.024208566108007448
v055_rawvalue,0.024208566108007448
v166_cihigh,0.024208566108007448
v180_cihigh,0.024208566108007448
v168_denominator,0.024208566108007448
v054_rawvalue,0.024208566108007448
v054_numerator,0.024208566108007448
v054_denominator,0.024208566108007448
v166_cilow,0.024208566108007448
v126_rawvalue,0.024208566108007448
v126_numerator,0.024208566108007448
v126_denominator,0.024208566108007448
v166_denominator,0.024208566108007448
v166_numerator,0.024208566108007448
v180_rawvalue,0.024208566108007448
v166_rawvalue,0.024208566108007448
v056_numerator,0.024208566108007448
v131_denominator,0.024208566108007448
v060_cihigh,0.024208566108007448
v067_cihigh,0.024208566108007448
v143_cilow,0.024208566108007448
county_clustered,0.024208566108007448
year,0.024208566108007448
county,0.024208566108007448
state,0.024208566108007448
v049_cilow,0.024208566108007448
v049_rawvalue,0.024208566108007448
v143_cihigh,0.024208566108007448
v143_rawvalue,0.024208566108007448
v067_cilow,0.024208566108007448
v042_rawvalue,0.024208566108007448
fipscode,0.024208566108007448
countycode,0.024208566108007448
statecode,0.024208566108007448
v042_cilow,0.024208566108007448
v042_cihigh,0.024208566108007448
v139_numerator,0.024208566108007448
v049_cihigh,0.024208566108007448
v001_flag,0.024208566108007448
v137_rawvalue,0.024208566108007448
v037_flag,0.024208566108007448
v153_rawvalue,0.024208566108007448
v153_numerator,0.024208566108007448
v153_denominator,0.024208566108007448
v153_cilow,0.024208566108007448
v153_cihigh,0.024208566108007448
v179_denominator,0.024208566108007448
v070_cihigh,0.024208566108007448
v070_cilow,0.024208566108007448
v070_rawvalue,0.024208566108007448
v009_cihigh,0.024208566108007448
v009_cilow,0.024208566108007448
v036_rawvalue,0.024208566108007448
v036_cilow,0.024208566108007448
v009_rawvalue,0.024208566108007448
v036_cihigh,0.024208566108007448
v139_rawvalue,0.024208566108007448
v002_rawvalue,0.024208566108007448
v002_cilow,0.024208566108007448
v002_cihigh,0.024208566108007448
v136_other_data_1,0.024208566108007448
v136_other_data_1_cilow,0.024208566108007448
v136_other_data_1_cihigh,0.024208566108007448
v136_other_data_2,0.024208566108007448
v136_other_data_2_cilow,0.024208566108007448
v136_other_data_2_cihigh,0.024208566108007448
v136_other_data_3,0.024208566108007448
v136_other_data_3_cilow,0.024208566108007448
v136_other_data_3_cihigh,0.024208566108007448
v067_rawvalue,0.024208566108007448
v067_numerator,0.024208566108007448
v140_denominator,0.024208566108007448
v140_numerator,0.024208566108007448
v140_rawvalue,0.024208566108007448
v067_denominator,0.024208566108007448
v136_denominator,0.024208566108007448
v136_numerator,0.024208566108007448
v136_rawvalue,0.024208566108007448
v011_rawvalue,0.024208566108007448
v132_denominator,0.024208566108007448
v145_cihigh,0.024208566108007448
v145_cilow,0.024208566108007448
v145_rawvalue,0.024208566108007448
v011_cihigh,0.024208566108007448
v011_cilow,0.024208566108007448
v131_numerator,0.024208566108007448
v060_cilow,0.024208566108007448
v062_numerator,0.024208566108007448
v062_denominator,0.024208566108007448
v060_rawvalue,0.024208566108007448
v144_cihigh,0.024208566108007448
v144_cilow,0.024208566108007448
v144_rawvalue,0.024208566108007448
med_income,0.0006207324643078833
poverty_rate,0.0
GEOID,0.0
